,Unnamed: 0,Kích thước màn hình,CPU,Bộ nhớ trong,RAM,Camera chính,Dung lượng pin,Product,price,Hãng sản xuất,Ram_,Rom_
0,0,6.7 inches,Helio G85,128GB,4GB,50MP - 2MP,5000 mAh,Samsung Galaxy A05 (4G) 4GB 128GB Chính Hãng,3090000,Samsung,4GB,128GB
1,2,"6,1 inches",Apple A15 Bionic,128GB,6 GB,Camera góc r?ng: 12MP Camera góc siêu r?ng: 12MP,"3,279mAh",iPhone 14 128GB VNA - T?ng BH roi v? vào nu?c,25990000,Apple,,128GB
2,3,7.0 inches,Unisoc T606 (12 nm),256GB,8GB,16MP - 2MP - 2MP,5000mAh,INOI Note 13s 8GB 256GB Chính Hãng,3390000,INOI,8GB,256GB
3,4,6.1 inch,Apple A16 Bionic,128GB,6GB,Camera chính: 48MP Camera góc siêu r?ng: 12MP Camera tele: 12MP,"3,200mAh",iPhone 14 Pro 128GB VN/A - T?ng BH roi v? vào nu?c,31990000,Apple,,128GB
4,5,6.7 inches,Snapdragon 8 Gen 2 for Galaxy,256 GB,8Gb,12MP - 12MP,3700 mAh,Samsung Galaxy Z Flip5 8GB 256GB Chính Hãng,25990000,Samsung,8GB,256GB
5,6,11.0 inches,Snapdragon 680 4G (6 nm),128GB,6GB,8MP,Li-Po 8000 mAh,Xiaomi Redmi Pad SE 6GB 128GB Box,4990000,Xiaomi,6GB,128GB
6,7,6.1 inch,Snapdragon 8 Gen 1 8 nhân,256 GB,8 GB,50MP – 10MP – 12MP,Li-lon 3700 mAh,Samsung Galaxy S22 (5G) 8GB 256GB Chính hãng,23490000,Samsung,8GB,256GB
7,8,6.43 inches,MediaTek Dimensity 900 5G,256 GB,8 GB,64MP – 8MP – 2MP,4500 mAh,Oppo Reno 7 (5G) 8GB 256GB Chính hãng,12990000,Oppo,8GB,256GB
8,9,6.6 inch,MediaTek MT6891Z Dimensity 1100 (6 nm),128GB,8Gb,64MP – 8MP – 2MP,5000 mAh,Xiaomi Poco X3 GT 8GB 128GB Chính Hãng,Liên hệ,Xiaomi,8GB,128GB
9,10,6.52 inches,MediaTek Helio G36,32GB,2GB,2 Camera chính: 8MP - f/2.0,5000 mAh,Xiaomi Redmi A2 2GB 32GB Chính Hãng,2990000,Xiaomi,2GB,32GB
10,11,6.67 inches,Snapdragon 8 Gen 3 (4 nm),256GB,16G6,50MP - 50MP - 12MP,5000 mAh,Xiaomi Redmi K70 Pro 16GB 256GB Box,17990000,Xiaomi,16GB,256GB
11,12,6.6 inches,MediaTek Dimensity 8100 (5 nm),128GB,8Gb,64MP – 8MP – 2MP,5080mAh,Xiaomi Redmi Note 11T Pro (5G) 8GB 256GB Box,7990000,Xiaomi,8GB,256GB
12,13,6.43 inch,MediaTek MT6893 Dimensity 1200 (6 nm),256 GB,12 GB,64MP – 8MP – 2MP,4500 mAh,Realme GT Neo 2T 12GB 256GB Box,7450000,Realme,12GB,256GB
13,14,6.4 inches,Exynos 1380,256 GB,8Gb,50MP -12MP - 5MP,5000 mAh,Samsung Galaxy A54 (5G) 8GB 256GB Chính Hãng,11490000,Samsung,8GB,256GB
14,15,6.67 inches,Dimensity 8300 Ultra (4 nm),256GB,12GB,64MP - 8MP - 2MP,5500 mAh,Xiaomi Redmi K70E 12GB 256GB Box,9990000,Xiaomi,12GB,256GB
15,16,6.58 inches,MediaTek MT6833 Dimensity 700 5G (7nm) 8 nhân,64GB,4GB,"13MP, f/2.2, Ch?p góc r?ng, L?y nét t? d?ng theo pha PDAF",5000 mAh,Xiaomi Poco M4 (5G) 4GB 64GB Chính Hãng,4990000,Xiaomi,4GB,64GB
16,17,6.1 inches,Apple A16 Bionic,128GB,6GB,Camera chính: 48MP Camera góc siêu r?ng: 12MP Camera tele: 12MP,3.349 mAh,iPhone 15 128GB VN/A - T?ng BH roi v? vào nu?c,23990000,Apple,,128GB
17,18,"1,8 inch",Unisoc T107,128MB,48MB,0.08MP,1000 mAh,INOI 240 (4G) Chính Hãng,Liên hệ,INOI,,
18,19,"6,74 inches",Unisoc T612,64GB,4GB,13MP,5000mAh,Realme C60 4GB 64GB Chính Hãng ,2990000,Realme,4GB,64GB
19,20,6.6 inches,Unisoc T606 (12 nm),64GB,4GB,"13MP - 0,08MP",5000 mAh,TECNO Spark Go 2024 (4+4GB/64GB) - Chính Hãng,2190000,Tecno,4GB,64GB
20,21,6.67 inches,Mediatek Dimensity 9200+ (4 nm),256 GB,16 GB,50Mp + 8MP + 2MP,5000 mAh,Xiaomi Redmi K60 Ultra (5G) 16GB 256GB Box,11990000,Xiaomi,16GB,256GB
21,22,6.43 inch,Qualcomm SM6225 Snapdragon 680 4G (6 nm),256 GB,8Gb,64MP - 2MP - 2MP,4500 mAh,Oppo Reno 8 (4G) 8GB 256GB Chính Hãng,8990000,Oppo,8GB,256GB
22,23,4.7 inches,Apple A15 Bionic,256 GB,,12 MP,,iPhone SE 3 2022 256GB,Liên hệ,Apple,,256GB
23,24,6.74 inchs,Snapdragon 7+ Gen 2,256 GB,12 GB,64MP – 8MP – 2MP,5500 mAh,Realme GT Neo 5 SE 12GB 256GB Box,8490000,Realme,12GB,256GB
24,25,6.67 inches,Qualcomm Snapdragon 870,128GB,8Gb,48MP + 8MP + 2MP,4500 mAh,Xiaomi Redmi K40s (5G) 8GB 128GB Box,8450000,Xiaomi,8GB,128GB
25,26,6.6 inches,Unisoc SC9863A,64GB,4GB,13MP - 2MP,5000mAh,ZTE Blade A54 4GB 64GB Chính Hãng,2090000,ZTE,4GB,64GB
26,27,"IPS LCD, 6.52"", HD+",MediaTek Helio G35,64GB,4GB,13 MP,4230 mAh,Oppo A16K 4GB 64GB Chính hãng,3690000,Oppo,4GB,64GB
27,28,6.67 inches,Snapdragon 4 Gen 1,128GB,4GB,"48 MP, (góc r?ng), 0.8µm, PDAF 2 MP, f/2.4, (d? sâu) Quay phim: 1080p@30/60fps",Li-Po 5000 mAh,Xiaomi Redmi Note 12 5G 4GB 128GB,4490000,Xiaomi,4GB,128GB
28,29,6.58 inches,MediaTek Helio G99 (6nm),64GB,4 GB,"Camera góc r?ng: 50 MP, f/1.8, PDAF Camera macro: 2 MP, f/2.4 Camera góc sâu: 2 MP, f/2.4",Li-Po 5000 mAh,Xiaomi PoCo M5 4GB 64GB Chính hãng,3990000,Xiaomi,4GB,64GB
29,30,"Màn ngoài: 6,23 inch - Màn trong: 7,6 inch",Snapdragon 888 (5nm),256 GB,12 GB,"Tele: 12MP, F2.4",4400 mAh S?c nhanh 25W/S?c không dây 10W Chia s? Pin không dây,Samsung Galaxy Z Fold3 5G Chính Hãng,41990000,Samsung,,
30,31,6.67 inches,Qualcomm Snapdragon 685 (6 nm),128GB,8Gb,50MP - 8MP - 2MP,5000 mAh,Xiaomi Redmi Note 12 8GB 128GB Chính Hãng,5990000,Xiaomi,8GB,128GB
31,32,11.0 inches,Snapdragon 680 4G (6 nm),128GB,6GB,8MP,Li-Po 8000 mAh,Xiaomi Redmi Pad SE 6GB 128GB Chính Hãng,5990000,Xiaomi,6GB,128GB
32,33,6.7 inches,Dimensity 7050 (6 nm),256 GB,12 GB,100MP - 2MP,5000 mAh,Realme 11 Pro (5G) 12GB 256GB Box,7590000,Realme,12GB,256GB
33,34,6.7 inches,Apple A16 Bionic,512GB,6GB,Camera chính: 48MP Camera góc siêu r?ng: 12MP Camera tele: 12MP,"4,352mAh",iPhone 14 Pro Max 1TB VNA  - T?ng BH roi v? vào nu?c,Liên hệ,Apple,,
34,35,6.7 inches,Snapdragon 778G 5G 8 nhân,128GB,8Gb,"Camera chính: 108 MP, f/1.8, PDAF, OIS Camera gó siêu r?ng: 12 MP, f/2.2 Camera macro: 5 MP, f/2.4 Camera chân dung: 5 MP, f/2.4",5000 mAh,Samsung Galaxy A73 (5G) 8GB 128GB Chính hãng,Liên hệ,Samsung,8GB,128GB
35,36,6.6 inches,Helio G85 (12nm),128GB,8GB,50MP - 0.08MP,5000mAh,TECNO Spark 20 (8+8GB/128GB) - Chính Hãng ,3490000,Tecno,8GB,128GB
36,37,6.5 inches,Exynos 850 (8nm),64GB,4GB,13+2+2 MP,5000 mAh,Samsung Galaxy A04s (4G) 4GB 64GB chính hãng,3790000,Samsung,4GB,64GB
37,38,6.43 inch,MediaTek Helio G96 8 nhân,256 GB,8Gb,108MP - 8MP - 2MP,5000 mAh,Xiaomi Redmi Note 12S 8GB 256GB Chính Hãng,6990000,Xiaomi,8GB,256GB
38,39,6.67 inches,Qualcomm SM7150-AC Snapdragon 732G (8 nm),64GB,6GB,64MP - 13MP - 2MP - 2MP,Li-Po 5160mAh,Xiaomi Poco X3 NFC 6GB 64GB Chính Hãng,Liên hệ,Xiaomi,6GB,64GB
39,40,6.67 inches,Snapdragon 8 Gen 2 (4 nm),128 GB,8GB,"Camera góc r?ng: 54MP, f/1.9, 1/1.49"", 1.0µm, PDAF, OIS Camera góc siêu r?ng: 8MP, 118°, 1/4"", 1.12µm Camera macro: 2 MP, f/2.4",5000 mAh,Xiaomi Redmi K60 Pro (5G) 8GB 128GB Likenew Fullbox,Liên hệ,Xiaomi,8GB,128GB
40,41,6.7 inches,Apple A15 Bionic,256 GB,6 GB,Camera chính 12MP Camera góc siêu r?ng 12MP,,iPhone 14 Plus 256GB VNA - T?ng BH roi v? vào nu?c,31990000,Apple,,256GB
41,42,"AMOLED, 6.67 inches, 120Hz",MediaTek Dimensity 8 nhân,,,108 MP - 2 MP,5000 mAh,Xiaomi Redmi Note 14 (5G),Liên hệ,Xiaomi,,
42,44,6.67 inches,Qualcomm SM8475 Snapdragon 8+ Gen 1 (4 nm),512 GB,12 GB,108MP - 8MP - 2MP,5000 mAh,Xiaomi Redmi K50 Ultra (5G) 12GB 512GB Box,11950000,Xiaomi,12GB,512GB
43,45,6.67 inches,MediaTek Dimensity 1080 (6 nm),128GB,8Gb,50Mp + 8MP + 2MP,5000 mAh,Xiaomi Redmi Note 12 Pro (5G) 8GB 128GB Box,7990000,Xiaomi,8GB,128GB
44,46,"AMOLED, 6.67"", Full HD+",Snapdragon 695 5G 8 nhân,128 GB,6 GB,"Chính 108 MP & Ph? 8 MP, 2 MP",5000 mAh,Xiaomi Poco X4 Pro (5G) 6GB 128GB Chính hãng 99%,Liên hệ,Xiaomi,6GB,128GB
45,47,6.67 inches,Mediatek Dimensity 6080 (6 nm),256GB,8GB,100MP – 2MP,5000mAh,Xiaomi Redmi Note 13 (5G) 8GB 256GB Box,Liên hệ,Xiaomi,8GB,256GB
46,48,6.74 inchs,Snapdragon 7+ Gen 2,512GB,12 GB,64MP – 8MP – 2MP,5500 mAh,Realme GT Neo 5 SE 12GB 512GB Box,8990000,Realme,12GB,512GB
47,49,6.6 inch,Snapdragon 695 5G 8 nhân,128GB,8Gb,50MP + 2MP + 2MP,Li-Ion 5000mAh,Realme Q5 8GB 128GB Box,Liên hệ,Realme,8GB,128GB
48,50,6.67 inches,Snapdragon 8 Gen 2 (4 nm),256 GB,12 GB,"Camera góc r?ng: 54MP, f/1.9, 1/1.49"", 1.0µm, PDAF, OIS Camera góc siêu r?ng: 8MP, 118°, 1/4"", 1.12µm Camera macro: 2 MP, f/2.4",5000 mAh,Xiaomi Redmi K60 Pro (5G) 12GB 256GB Box,Liên hệ,Xiaomi,12GB,256GB
49,51,6.67 inches,Dimensity 8200 Ultra (4 nm),256GB,12GB,50MP - 50MP - 12MP,5000 mAh,Xiaomi 13T 12GB 256GB Likenew Fullbox,12990000,Xiaomi,12GB,256GB
50,52,6.4 inches,2 nhân 2.4 GHz & 6 nhân 2 GHz,128 GB,8 GB,"Camera chính: 48 MP, F1.8 Camera góc siêu r?ng: 8 MP, F2.2 Camera macro: 5 MP, F2.4 Camera chân dung: 2.0 MP, F2.4",5000 mAh,Samsung Galaxy A33 (5G) 8GB 128GB Chính hãng,8490000,Samsung,8GB,128GB
51,53,6.36 inch,Snapdragon 8 GEN 2,256 GB,8Gb,50MP – 10MP – 12MP,"Androi 13, MIUI 14",Xiaomi 13 (5G) 8GB 256GB Box,Liên hệ,Xiaomi,8GB,256GB
52,54,6.8 inches,Snapdragon 8 Gen 2 (4 nm),512GB,12GB,64MP - 64MP - 50MP,Li-Po 5000 mAh,ZTE Nubia Z50 Ultra 12GB 512GB Box,Liên hệ,Nubia,12GB,512GB
53,55,6.745inch,UNISOC T612,64GB / 128GB,4GB,50MP,5000mAh,Realme C61 (4G) Chính Hãng,Liên hệ,Realme,,
54,56,"AMOLED HDR, 6.78 inches",Snapdragon 8s Gen 3 (4 nm),256GB,12GB/16GB,50 MP - 8 MP,6000 mAh,Vivo iQOO Z9 Turbo 5G Box - BH 15 Tháng,8990000,Vivo,,
55,57,6.5 inches,Unisoc T606 8 nhân,32 GB,2 GB,Chính 48 MP & Ph? 2 MP,5000 mAh,Samsung Galaxy A03 Core 2GB 32GB Chính hãng,2990000,Samsung,2GB,32GB
56,58,6.8 inches,Snapdragon 8 Gen 3 (4 nm),256GB,12GB,50MP - 50MP - 2MP,6500 mAh,ZTE Nubia Red Magic 9 Pro 12GB 256GB Box,19990000,ZTE Nubia,12GB,256GB
57,59,6.67 inches,Qualcomm Snapdragon 870,256 GB,12 GB,48MP + 8MP + 2MP,4500 mAh,Xiaomi Redmi K40s (5G) 12GB 256GB,7990000,Xiaomi,12GB,256GB
58,61,6.78 inches,Octa-core (1x2.8 GHz Cortex-A715 & 4x2.6 GHz Cortex-A715 & 3x1.9 GHz Cortex-A510),256GB/ 512GB,8GB/ 12GB/ 16GB,50 MP - 8 MP,5500 mAh,Realme GT Neo 6 SE (5G) Box - B?o Hành 15 tháng,7950000,realme,,
59,62,6.67 inches,Mediatek Dimensity 9200+ (4 nm),512GB,16GB,50Mp + 8MP + 2MP,5000 mAh,Xiaomi Redmi K60 Ultra (5G) 16GB 512GB Box,Liên hệ,Xiaomi,16GB,512GB
60,63,6.5 inches,Octa-core 1.6 GHz,64GB,4GB,8.0 MP,5000 mAh,Realme Narzo 50i 4GB 64GB Chính hãng,3190000,Realme,4GB,64GB
61,64,6.7 inches,Apple A16 Bionic,256 GB,6GB,Camera chính: 48MP Camera góc siêu r?ng: 12MP Camera tele: 12MP,"4,352mAh",iPhone 14 Pro Max 256GB VNA - T?ng BH roi v? vào nu?c,Liên hệ,Apple,,256GB
62,65,6.6 inch,Snapdragon 695 5G 8 nhân,256 GB,8Gb,50MP + 2MP + 2MP,Li-Ion 5000mAh,Realme Q5 8GB 256GB Box,Liên hệ,Realme,8GB,256GB
63,66,6.6 inch,Chip Exynos 850,128GB,4GB,50MP - 5MP - 2MP,Li-Po 5000 mAh,Samsung Galaxy A14 (4G) 4GB 128GB Chính Hãng,Liên hệ,Samsung,4GB,128GB
64,67,6.67 inches,Snapdragon 7+ Gen 2,256 GB,8Gb,64MP – 8MP – 2MP,Li-Po 5000 mAh,Xiaomi Redmi Note 12 Turbo 8GB 256GB Box,7990000,Xiaomi,8GB,256GB
65,68,6.7 inches,Apple A15 Bionic,128GB,6 GB,Camera chính 12MP Camera góc siêu r?ng 12MP,,iPhone 14 Plus 128GB VNA - T?ng BH roi v? vào nu?c,28990000,Apple,,128GB
66,69,6.7 inches,Dimensity 7050 (6 nm),256 GB,8Gb,100MP - 2MP,5000 mAh,Realme 11 Pro (5G) 8GB 256GB Box,6990000,Realme,8GB,256GB
67,70,6.7 inches,Exynos 2400,256GB,12GB,50MP - 10MP - 12MP,4900 mAh,Samsung Galaxy S24 Plus (5G) 12GB 256GB Chính Hãng,26990000,Samsung,12GB,256GB
68,71,6.7 inches,Apple A16 Bionic,128GB,6GB,Camera chính: 48MP Camera góc siêu r?ng: 12MP Camera tele: 12MP,"4,352mAh",iPhone 14 Pro Max 128GB VNA  - T?ng BH roi v? vào nu?c,Liên hệ,Apple,,128GB
69,73,6.79 inchs,Mediatek Helio G88 (12nm),128GB,8Gb,50MP - 8MP - 2MP,5000 mAh,Xiaomi Redmi 12 (4G) 8GB 128GB Chính Hãng,4990000,Xiaomi,8GB,128GB
70,74,"Màn ngoài: 6,3 inch - Màn trong: 7,6 inch",Snapdragon 8 Gen 3 (4 nm),512GB,12GB,50MP - 10MP - 12MP,4400 mAh,Samsung Galaxy Z Fold6 (5G) 12GB 256GB Chính Hãng,43990000,Samsung,12GB,256GB
71,75,8.03 inches (màn hình m?) - 6.56 inches (màn hình ngoài),Snapdragon 8 Gen 2 (4 nm),256GB,12GB,50MP - 10MP - 10MP - 12MP,Li-Po 4800 mAh,Xiaomi Mix Fold3 12GB 256GB Box,34990000,Xiaomi,12GB,256GB
72,76,6.67 inches,Dimensity 8300 Ultra (4 nm),256GB,8GB,64MP - 8MP - 2MP,5500 mAh,Xiaomi Redmi K70E 8GB 256GB Box,9990000,Xiaomi,8GB,256GB
73,77,6.67 inches,Mediatek Dimensity 8200 (4 nm),256 GB,8Gb,Triple cam (48MP + 2MP + 2MP),5500 mAh,Xiaomi Redmi K60e (5G) 12GB 256GB Box,10990000,Xiaomi,12GB,256GB
74,78,"Màn ngoài: 3,4 inch - Màn Trong: 6,7 inch",Snapdragon 8 Gen 3 (4 nm),512GB,12GB,50MP - 12MP,"4000 mAh,",Samsung Galaxy Z Flip6 (5G) 12GB 512GB Chính Hãng,32990000,Samsung,12GB,512GB
75,79,6.43 inches,MediaTek Helio G95,128 GB,8Gb,4 cam (64MP + 8MP +2MP + 2MP),Li-Po 5000mAh,Xiaomi Redmi Note 10S 8Gb 128GB Chính hãng,Liên hệ,XIAOMI,,128GB
76,80,6.67 inches,Qualcomm SM8475 Snapdragon 8+ Gen 1 (4 nm),256 GB,12 GB,"Camera góc r?ng: 64MP, f/1.8, 1/2"", 0,7µm, PDAF, OIS Camera góc siêu r?ng: 8MP, 120°, 1/4"", 1,12µm Camera macro: 2MP, f/2.4",5500 mAh,Xiaomi Redmi K60 (5G) 12GB 256GB Box,12990000,Xiaomi,12GB,256GB
77,81,6.67 inches,Snapdragon 7s Gen 2,512GB 1,12GB,200MP + 8MP + 2MP,5100mAh,Xiaomi Redmi Note 13 Pro (5G) 12GB 512GB Box,6990000,New,12GB,512GB
78,82,6.67 inches,Dimensity 1080 (6 nm),256GB,12GB,200MP - 8MP - 2MP,5000 mAh,Xiaomi Redmi Note 12 Pro Plus 12GB 256GB Likenew Fullbox,8990000,Xiaomi,12GB,256GB
79,83,6.71 inches,MediaTek MT6769Z Helio G85 (12nm),64GB,4GB,50MP,5000 mAh,Xiaomi Redmi 12C 4GB 64GB Chính Hãng,Liên hệ,Xiaomi,4GB,64GB
80,84,2.4 inches,Unisoc T107 (22 nm),128 MB,,0.3 MP,Li-Ion 1450 mAh Th?i gian da`m tho?i trên di?n tho?i lên d?n 6 ti?ng v?i 4G Tai nghe earbuds lên d?n 2.4 ti?ng da`m tho?i va` d?n 4 ti?ng nghe nh?c,Nokia 5710 Xpress Audio,1790000,Nokia,,
81,85,"6,4 inches",Mediatek Helio P35,64 GB,4GB,"Camera xóa phông: 2 MP, f/2.4, (depth)",Li-Po 5000mAh,Samsung Galaxy A03s 4GB 64GB Chính hãng,3690000,Samsung,4GB,64GB
82,87,6.7 inches,MediaTek Dimensity 8100 (5 nm),256 GB,12 GB,50Mp + 8MP + 2MP,5000 mAh,Realme GT Neo 3 12GB 256GB (150W) Box,7190000,Realme,12GB,256GB
83,88,6.5 inches,Mediatek MT8781 Helio G99 (6nm),128GB,6GB,50MP - 5MP - 2MP,5000mAh,Samsung Galaxy A24 (4G) 8GB 128GB Chính Hãng,6990000,Samsung,8GB,128GB
84,89,6.1 inch,Apple A14 Bionic (5nm),64 GB,4 GB,Dual 12 MP,Li-Ion 2815 mAh,iPhone 12 64GB Chính hãng VN/A - T?ng BH roi v? vào nu?c,Liên hệ,Apple,,64GB
85,90,"IPS LCD,12.4 inches",Snapdragon 8 Gen 2 (4 nm),128GB/ 256GB,8GB/ 12GB,50 MP - 2 MP,10000 mAh,Xiaomi Pad 6s Pro Box- B?o hành 15 Tháng,17900000,Xiaomi,,
86,91,6.7 inches,Helio G85,64GB,4GB,50MP - 2MP,5000 mAh,Samsung Galaxy A05 (4G) 4GB 64GB Chính Hãng,3090000,Samsung,4GB,64GB
87,92,6.7 inches,Snapdragon 680 4G,128GB,4GB,50MP - 2MP - 2MP,5000mAh,Samsung Galaxy A05S (4G) 4GB 128GB Chính Hãng,3990000,Samsung,4GB,128GB
88,93,6.8 inches,ualcomm SM8550-AB Snapdragon 8 Gen 2 (4 nm),512GB,16GB,50MP - 8MP - 2MP,5000mAh,ZTE nubia Red Magic 8S Pro Plus 16GB 512GB Box,21990000,ZTE Nubia,16GB,512GB
89,94,6.43 inch,Qualcomm SM6375 Snapdragon 695 5G (6 nm),256 GB,8Gb,64MP - 2MP - 2MP,4500 mAh,Oppo Reno 8Z (5G) 8GB 256GB Chính Hãng,10490000,Oppo,8GB,256GB
90,95,6.74 inches,Helio G85 (12nm),128GB,6GB,50MP - 2MP - 0.08MP,Li-Po 5000 mAh,Xiaomi Poco C65 6GB 128GB Chính Hãng ,Liên hệ,Xiaomi,6GB,128GB
91,96,6.1 inch,Qualcomm SM8550 Snapdragon 8 Gen 2 (4 nm),256 GB,8Gb,50MP - 10MP - 12MP,3900 mAh,Samsung Galaxy S23 (5G) 8GB 256GB Chính Hãng,24990000,Samsung,8GB,256GB
92,97,"6,5 inches",Unisoc T310,128GB,4GB,13MP - 2MP - 2MP,5000mAh,INOI A72 (4G) 4GB 128GB Chính Hãng,2990000,INOI,4GB,128GB
93,98,6.67 inches,Snapdragon 8 Gen 2 (4 nm),256GB,12GB,50MP - 8MP - 2MP,5000mAh,Xiaomi Redmi K70 12GB 256G Box,12990000,Xiaomi,12GB,
94,101,6.67 inches,Mediatek Dimensity 9200+ (4 nm),256 GB,12 GB,50Mp + 8MP + 2MP,5000 mAh,Xiaomi Redmi K60 Ultra (5G) 12GB 256GB Likenew FullBox,10990000,Xiaomi,12GB,256GB
95,102,"AMOLED 6,78 inch",Mediatek Helio G99 Ultimate,256GB,8GB,50 MP - 2 MP,5000 mAh,TECNO Camon 30 (12+12GB/256GB) - Chính Hãng,6990000,Tecno,12GB,256GB
96,103,6.67 inches,Qualcomm SM7150 Snapdragon 732G (8 nm),256 GB,8Gb,108MP - 2MP - 2MP - 2MP,5000 mAh,Xiaomi Redmi Note 12 Pro 8GB 256GB Chính Hãng,7990000,Xiaomi,8GB,256GB
97,104,"6,1 inches",Apple A15,128 GB,,"Camera góc siêu r?ng: 12MP, ƒ/2.4",3240mAh,iPhone 13 128GB chính hãng VN/A - T?ng BH roi v? vào nu?c,24490000,iPhone,,128GB
98,105,6.4 inches,Mediatek Helio G80,128 GB,6GB,4 cam (64MP + 8MP + 5MP + 5MP),Li-lon 5000 mAh,Samsung Galaxy A32 6GB 128GB Chính hãng,Liên hệ,Samsung,6GB,128GB
99,106,"6,8 inches",Snapdragon 8 Gen 1 8 nhân,256 GB,12 GB,4 cam (108MP + 12MP + 10MP + 10 MP),Li-Po 5000mAh,Samsung Galaxy S22 Ultra (5G) 12GB 256GB Chính hãng,33990000,Samsung,12GB,256GB
100,107,6.28 inches,Snapdragon 8 Gen 1 8 nhân,256 GB,8 GB,"Camera chính góc r?ng: 50 MP, f/1.9, PDAF, OIS Camera góc siêu r?ng: 13 MP, f/2.4 Camera macro: 5 MP, AF",4500 mAh,Xiaomi 12 8GB 256GB Chính Hãng,Liên hệ,Xiaomi,8GB,256GB
101,108,4.7 inches,Apple A15 Bionic,64 GB,,12 MP,,iPhone SE 3 2022 64GB,Liên hệ,Apple,,64GB
102,109,6.67 inches,Snapdragon 8 Gen 3 (4 nm),512GB,16G6,50MP - 50MP - 12MP,5000 mAh,Xiaomi Redmi K70 Pro 16GB 512GB Box,19990000,Xiaomi,16GB,512GB
103,110,6.5 inches,Exynos 1280 (5 nm),128GB,6GB,50MP - 8MP - 2MP,5000 mAh,Samsung Galaxy A25 (5G) 6GB 128GB Chính Hãng ,6590000,Samsung,6GB,128GB
104,111,"1.77"", QQVGA, TFT, 120 x 160 Pixel",,4GB,4GB,,800 mAh,Nokia 105 DS (2019) – S?n ph?m chính hãng,420000,NOKIA,,
105,112,6.8 inches,Snapdragon 8 Gen 3 (4 nm),512GB,12GB,200MP - 50MP - 10MP - 12MP,5000 mAh,Samsung Galaxy S24 Ultra (5G) 12GB 512GB Chính Hãng,37490000,Samsung,12GB,512GB
106,113,6.67 inches,Snapdragon 695 5G 8 nhân,128GB,8 GB,"Chính 108 MP & Ph? 8 MP, 2 MP",5000 mAh,Xiaomi Redmi Note 11 Pro (5G) 8GB 128GB Chính hãng,8990000,XIAOMI,8GB,128GB
107,114,6.55 inch,Qualcomm SM7350-AB Snapdragon 780G (5 nm),128GB,8Gb,,4250mAh,Xiaomi 11 Lite (5G) 8GB 128GB Chính Hãng,Liên hệ,Xiaomi,8GB,128GB
108,115,LTPO OLED 6.73 inches,Snapdragon 8 Gen 3,512GB,12GB/ 16GB,50 MP - 50 MP - 50 MP - 50 MP,5000 mAh,Xiaomi 14 Ultra 16GB 512GB Chính Hãng,32990000,Xiaomi,16GB,512GB
109,116,6.67 inches,Mediatek Helio G99 Ultra,128GB,8GB,200MP - 8MP - 2MP,5000 mAh,Xiaomi Redmi Note 13 Pro (4G) 8GB 128GB Chính Hãng ,7290000,Xiaomi,8GB,128GB
110,118,6.74 inches,Mediatek MT6769Z Helio G85 (12nm),128GB,6GB,50MP - 2MP - 0.08MP,5000mAh,Xiaomi Redmi 13C 6GB 128GB Chính Hãng,3490000,Xiaomi,6GB,128GB
111,119,6.6 inch,Qualcomm SM8550 Snapdragon 8 Gen 2 (4 nm),512GB,8Gb,50MP - 10MP - 12MP,4700 mAh,Samsung Galaxy S23 Plus (5G) 8GB 512GB Chính Hãng,29990000,Samsung,8GB,512GB
112,120,6.74 inches,Unisoc Tiger T612 (12 nm),64GB,3GB,50MP - 0.0MP,5000 mAh,Realme C51 Chính Hãng,3990000,Realme,,
113,121,6.4 inches,2 nhân 2.4 GHz & 6 nhân 2 GHz,128 GB,6GB,"Camera chính: 48 MP, F1.8 Camera góc siêu r?ng: 8 MP, F2.2 Camera macro: 5 MP, F2.4 Camera chân dung: 2.0 MP, F2.4",5000 mAh,Samsung Galaxy A33 (5G) 6GB 128GB Chính hãng,8490000,Samsung,6GB,128GB
114,123,6.5 inches,Helio P35,32 GB,3 GB,50MP + 2MP,5000 mAh,Samsung Galaxy A04 (4G) 3GB 32GB Chính hãng,Liên hệ,Samsung,3GB,32GB
115,124,6.74 inchs,Snapdragon 7+ Gen 2,1TB,16 GB,64MP – 8MP – 2MP,5500 mAh,Realme GT Neo 5 SE 16GB 1TB Box,9990000,Realme,16GB,
116,125,6.1 inch,Google Tensor G3,128GB,8Gb,50MP,4485 mAh,"Google Pixel 8 - Nguyên b?n, Tr? góp 0%, Khuy?n mãi 1% KH cu",Liên hệ,Google,,
117,126,6.67 inches,Snapdragon 8 Gen 3 (4 nm),256GB,12GB,50MP - 50MP - 12MP,5000 mAh,Xiaomi Redmi K70 Pro 12GB 256GB Box,15990000,Xiaomi,12GB,256GB
118,127,"AMOLED, 6.67 inches, 120Hz",Qualcomm Snapdragon 7xx 8 nhân,128GB/ 256GB/ 512GB,8GB/ 12GB/ 16GB,200 MP - 8 MP - 2 MP,5500 mAh,Xiaomi Redmi Note 14 Pro (5G) ,Liên hệ,Xiaomi,,
119,128,"6,7 icnhes",Helio G85,64 GB,4GB,4 cam ( 16Mp + 2Mp + 5Mp + 2Mp ),"Pin 5.000 mAh, s?c nhanh 18 W",BPhone A40 4GB 64GB Chính hãng,4490000,BPhone,4GB,64GB
120,129,"IPS LCD, 6.52"", HD+",MediaTek Helio G35,32 GB,3 GB,13 MP,4230 mAh,Oppo A16K 3GB 32GB Chính hãng,3690000,Oppo,3GB,32GB
121,130,"IPS LCD, 6.72 inches",Qualcomm SM6225 Snapdragon 685 (6 nm),128GB,8GB,108 MP - 2 MP,5000 mAh,Realme C67 (4G) 8GB 128GB Chính Hãng,4990000,realme,8GB,128GB
122,131,6.6 inches,Exynos 1380 (5 nm),128GB,8GB,50MP - 8MP - 5MP,5000 mAh,Samsung Galaxy A35 (5G) 8GB 128GB Chính Hãng ,8290000,Samsung,8GB,128GB
123,132,6.55 inch,Snapdragon 7 Gen 1 (4 nm),128GB,8Gb,50Mp + 8MP + 2MP,4500 mAh,Xiaomi 13 Lite 8GB 128GB Chính Hãng,10990000,Xiaomi,8GB,128GB
124,133,6.78 inchs,MediaTek Helio G99 (6nm),128GB,8Gb,50MP,6000 mAh,TECNO Pova 5 (8+8GB/128GB) - Chính Hãng,4990000,Tecno,8GB,128GB
125,134,6.67 inches,Snapdragon 4 Gen 1,128GB,8 GB,"48 MP, (góc r?ng), 0.8µm, PDAF 2 MP, f/2.4, (d? sâu) Quay phim: 1080p@30/60fps",Li-Po 5000 mAh,Xiaomi Redmi Note 12 (5G) 8GB 128GB Box,5490000,Xiaomi,8GB,128GB
126,135,6.36 inch,Snapdragon 8 GEN 2,128GB,8Gb,50MP – 10MP – 12MP,"Androi 13, MIUI 14",Xiaomi 13 (5G) 8GB 128GB Box,11990000,Xiaomi,8GB,128GB
127,136,6.53 inches,MediaTek Helio G25,32 GB,2 GB,"13MP , f/2.2 Camera c?m bi?n d? sâu: 2MP, f/2.4",5000 mAh,Xiaomi Redmi 10A 2GB 32GB Chính hãng,Liên hệ,Xiaomi,2GB,32GB
128,137,4.7 inches,Apple A15 Bionic,128GB,,12 MP,,iPhone SE 3 2022 128GB,Liên hệ,Apple,,128GB
129,138,6.8 inches,ualcomm SM8550-AB Snapdragon 8 Gen 2 (4 nm),256GB,16GB,50MP - 8MP - 2MP,5000mAh,ZTE nubia Red Magic 8S Pro Plus 16GB 256GB Box,19990000,ZTE Nubia,16GB,256GB
130,139,6.67 inches,Mediatek Dimensity 8200 (4 nm),512 GB,12 GB,Triple cam (48MP + 2MP + 2MP),5500 mAh,Xiaomi Redmi K60e (5G) 12GB 512GB Box,10990000,Xiaomi,12GB,512GB
131,140,6.7 inches,Apple A16 Bionic,512GB,6GB,Camera chính: 48MP Camera góc siêu r?ng: 12MP Camera tele: 12MP,"4,352mAh",iPhone 14 Pro Max 512GB VNA  - T?ng BH roi v? vào nu?c,Liên hệ,Apple,,512GB
132,141,6.67 inches,Mediatek Dimensity 9200+ (4 nm),256 GB,12 GB,50Mp + 8MP + 2MP,5000 mAh,Xiaomi Redmi K60 Ultra (5G) 12GB 256GB Box,Liên hệ,Xiaomi,12GB,256GB
133,142,"IPS LCD, 6.79 inches",Mediatek Helio G91 Ultra,128GB,6GB,108 MP - 2 MP,5030 mAh,Xiaomi Redmi 13 (4G) 6GB 128GB Chính Hãng ,4990000,Xiaomi,6GB,128GB
134,143,6.6 inch,Chip Exynos 850,128GB,6GB,50MP - 5MP - 2MP,Li-Po 5000 mAh,Samsung Galaxy A14 (4G) 6GB 128GB Chính Hãng,Liên hệ,Samsung,6GB,128GB
135,144,"6,4 inches",Mediatek Helio P35,32 GB,3 GB,"Camera xóa phông: 2 MP, f/2.4, (depth)",Li-Po 5000mAh,Samsung Galaxy A03s 3GB 32GB Chính hãng,3390000,Samsung,3GB,32GB
136,145,6.6 inches,Unisoc T606 (12 nm),64GB,3GB,"13MP - 0,08MP",5000 mAh,TECNO Spark Go 2024 (3+3GB/64GB) - Chính Hãng,1990000,Tecno,3GB,64GB
137,146,6.67 inches,Qualcomm SM8475 Snapdragon 8+ Gen 1 (4 nm),256 GB,12 GB,108MP - 8MP - 2MP,5000 mAh,Xiaomi Redmi K50 Ultra (5G) 12GB 256GB Box,11950000,Xiaomi,12GB,256GB
138,147,6.67 inches,Mediatek Dimensity 6080 (6 nm),128GB,6GB,100MP – 2MP,5000mAh,Xiaomi Redmi Note 13 (5G) 6GB 128GB Box - BH 15 Tháng,4990000,Xiaomi,6GB,128GB
139,149,"6,8 inches",Snapdragon 8 Gen 1 8 nhân,128 GB,8Gb,4 cam (108MP + 12MP + 10MP + 10 MP),Li-Po 5000mAh,Samsung Galaxy S22 Ultra (5G) 8GB 128GB Chính hãng,30990000,Samsung,8GB,128GB
140,150,6.82 inches,SC9863A 8 nhân 1.6GHz,32 GB,3 GB,13MP AF + 2MP FF C?m biê´n d? sâu,6000 mAh,Nokia C30 3Gb 32Gb – S?n ph?m chính hãng,3290000,NOKIA,,
141,151,6.43 inches,Snapdragon 695 5G 8 nhân,128 GB,8 GB,"C?m 3 camera Chính 64 MP & Ph? 2 MP, 2 MP","4,500 mAh",Oppo Reno 7 Z (5G) 8GB 128GB Chính hãng,10490000,Oppo,8GB,128GB
142,152,11 inches,Snapdragon 8+ Gen 1 (4 nm),128GB,8Gb,50MP - 2MP,8600 mAh,Xiaomi Pad 6 Pro 8GB 128GB Box,9990000,Xiaomi,8GB,128GB
143,154,6.4 inches,2 nhân 2.4 GHz & 6 nhân 2 GHz,128 GB,8 GB,"Camera chính: 48 MP, F1.8 Camera góc siêu r?ng: 8 MP, F2.2 Camera macro: 5 MP, F2.4 Camera chân dung: 2.0 MP, F2.4",5000 mAh,Samsung Galaxy A33 (5G) 8GB 128GB Chính hãng cu,8490000,Samsung,8GB,128GB
144,155,6.4 inches,Exynos 1380,128GB,8Gb,50MP -12MP - 5MP,5000 mAh,Samsung Galaxy A54 (5G) 8GB 128GB Chính Hãng,10490000,Samsung,8GB,128GB
145,156,6.74 inchs,Qualcomm SM8475 Snapdragon 8+ Gen 1 (4 nm),1 TB,16 GB,50Mp + 8MP + 2MP,5000 mAh,Realme GT Neo 5 (240W) 16Gb 1TB Box,Liên hệ,Realme,,
146,157,6.67 inches,Snapdragon 8 Gen 2 (4 nm),256GB,12G6,50MP - 8MP - 2MP,120W,Xiaomi Redmi K70 16GB 256G Box,12990000,Xiaomi,16GB,
147,158,"Màn ngoài: 6,3 inch - Màn trong: 7,6 inch",Snapdragon 8 Gen 3 (4 nm),1TB,12GB,50MP - 10MP - 12MP,4400 mAh,Samsung Galaxy Z Fold6 (5G) 12GB 1TB Chính Hãng,54990000,Samsung,12GB,
148,159,"6,67 inches",Qualcomm Snapdragon 685,256GB,8GB,108MP - 8MP - 2MP,5000 mAh,Xiaomi Redmi Note 13 8GB 256GB Chính Hãng,5990000,Xiaomi,8GB,256GB
149,160,6.67 inches,Mediatek Dimensity 8200 (4 nm),128GB,8Gb,Triple cam (48MP + 2MP + 2MP),5500 mAh,Xiaomi Redmi K60e (5G) 8GB 128GB Box,10990000,Xiaomi,8GB,128GB
150,161,6.1 inch,Apple A14 Bionic (5nm),128 GB,4 GB,Dual 12 MP,Li-Ion 2815 mAh,iPhone 12 128GB Chính hãng VN/A - T?ng BH roi v? vào nu?c,21600000,Apple,,128GB
151,162,6.67 inches,Mediatek Dimensity 6080 (6 nm),256GB,12GB,100MP – 2MP,5000mAh,Xiaomi Redmi Note 13 (5G) 12GB 256GB Box,6990000,Xiaomi,12GB,256GB
152,163,6.74 inchs,Qualcomm SM8475 Snapdragon 8+ Gen 1 (4 nm),1 TB,16 GB,50Mp + 8MP + 2MP,5000 mAh,Realme GT Neo 5 16Gb 1TB Box,Liên hệ,Realme,,
153,164,6.67 inches,Qualcomm SM7325 Snapdragon 778G 5G (6 nm),128GB,6GB,108MP - 8MP - 2MP,5000 mAh,Xiaomi Poco X5 Pro (5G) 6GB 128GB Chính Hãng,8990000,Xiaomi,6GB,128GB
154,165,6.67 inches,Snapdragon 7s Gen 2,128GB,8GB,200MP + 8MP + 2MP,5100mAh,Xiaomi Redmi Note 13 Pro (5G) 8GB 128GB Box,6990000,Xiaomi,8GB,128GB
155,166,6.7 inches,Snapdragon 8+ Gen 1 (4 nm),128 GB,8 GB,"Camera góc r?ng: 12 MP, f/1.8, PDAF, OIS Camera góc siêu r?ng: 12 MP, f/2.2, 123°",3700 mAh,Samsung Galaxy Z Flip4 (5G) 128GB Chính hãng,25990000,Samsung,,128GB
156,167,6.8 inches,Snapdragon 8 Gen 2 (4 nm),256GB,8GB,50MP - 8MP - 2MP,"Li-Po 6000 mAh,",ZTE nubia Red Magic 8S Pro 12GB 256GB Box,16990000,Nubia,12GB,256GB
157,168,6.67 inches,Mediatek Helio G99 Ultra,256GB,8GB,200MP - 8MP - 2MP,5000 mAh,Xiaomi Redmi Note 13 Pro (4G) 8GB 256GB Chính Hãng ,7990000,Xiaomi,8GB,256GB
158,169,11 inchs,Qualcomm SM8250-AC Snapdragon 870 5G (7 nm),128GB,8GB,13MP,8840mAh,Xiaomi Pad 6 8GB 128GB Box,7590000,Xiaomi,8GB,128GB
159,170,6.73 inch,Snapdragon 8 Gen 2 (4 nm),128GB,8Gb,50MP + 50MP + 50MP,4820mAh,Xiaomi 13 Pro (5G) 8GB 128GB Box,19990000,Xiaomi,8GB,128GB
160,171,6.7 inches,Snapdragon 8+ Gen 1 (4 nm),256 GB,6GB + M? r?ng 5GB,"Camera góc r?ng: 12 MP, f/1.8, PDAF, OIS Camera góc siêu r?ng: 12 MP, f/2.2, 123°",3700 mAh,Samsung Galaxy Z Flip4 (5G) 256GB Chính hãng,23990000,Samsung,,256GB
161,172,"6,67 inches",Qualcomm Snapdragon 685,128GB,8GB,108MP - 8MP - 2MP,5000 mAh,Xiaomi Redmi Note 13 8GB 128GB Chính Hãng,5290000,Xiaomi,8GB,128GB
162,173,6.1 inch,Apple A13 Bionic (7 nm+),128 GB,4 GB,Dual 12 MP,Li-Ion 3110mAh,iPhone 11 128GB Chính hãng VN/A - T?ng BH roi v? vào nu?c,21690000,Apple,,128GB
163,174,6.6 inch,Snapdragon 8 Gen 1 8 nhân,256 GB,8Gb,50MP – 10MP – 12MP,Li-Po 4800mAh,Samsung Galaxy S22 Plus (5G) 8GB 256GB Chính hãng,27490000,Samsung,8GB,256GB
164,175,"AMOLED, 6.67 inches, 120Hz",Mediatek Dimensity 6300 (6 nm),256GB,12GB,50MP - 8MP - 2MP,5000 mAh,Oppo Reno 12F (5G) Chi´nh Ha~ng,9490000,oppo,,
165,176,6.67 inches,Mediatek MT8781 Helio G99 (6nm),256GB,8GB,64MP - 2MP,Li-Po 5000 mAh,TECNO Camon 20 Pro (8+8GB/256GB) - Chính Hãng,4990000,Tecno,8GB,256GB
166,177,6.6 inches,Qualcomm SM6375 Snapdragon 695 5G (6 nm),128GB,4 GB,50MP + 5MP + 2MP + 2MP,"5000 mAh, 25 W",Samsung Galaxy A23 (5G) 4GB 128GB Chính hãng,6690000,Samsung,4GB,128GB
167,178,6.7 inches,MediaTek Dimensity 1080 (6 nm),128GB,8Gb,108MP - 8MP - 2MP,5000 mAh,Realme 10 Pro Plus 8GB 128GB Box,Liên hệ,Realme,8GB,128GB
168,179,6.7 inches,Snapdragon 8 Gen 2 for Galaxy,512 GB,8Gb,12MP - 12MP,3700 mAh,Samsung Galaxy Z Flip5 8GB 512GB Chính Hãng,29990000,Samsung,8GB,512GB
169,180,6.52 inches,Unisoc T606,64GB,3 GB,"AI 50MP AF, f/1.8+ 2MP, c?m bi?n d? sâu tru?ng ?nh",5000mAh3 pin li?n,Nokia G11 Plus 3GB 64GB Chính hãng,3590000,Nokia,3GB,64GB
170,181,"AMOLED, 6.43"", Full HD+",MediaTek Helio G96 8 nhân,128GB,8 GB,"Chính 108 MP & Ph? 8 MP, 2 MP, 2 MP","5000 mAh,33 W",Xiaomi Redmi Note 11S 8GB 128GB Chính hãng,Liên hệ,XIAOMI,8GB,128GB
171,182,6.7 inches,Google Tensor G3,128GB,12 GB,Triple (50MP + 64MP + 48MP),4950,Google Pixel 8 Pro Fullbox Qu?c T?,25990000,Google,,
172,183,6.67 inches,Snapdragon 7s Gen 2,256GB,12GB,200MP + 8MP + 2MP,5100mAh,Xiaomi Redmi Note 13 Pro (5G) 12GB 256GB Box,6590000,Xiaomi,12GB,256GB
173,184,6.1 inch,Apple A16 Bionic,512GB,6GB,Camera chính: 48MP Camera góc siêu r?ng: 12MP Camera tele: 12MP,"3,200mAh",iPhone 14 Pro 512GB VNA - T?ng BH roi v? vào nu?c,Liên hệ,Apple,,512GB
174,185,6.67 inches,Qualcomm Snapdragon 685 (6 nm),128GB,4GB,50MP - 8MP - 2MP,5000 mAh,Xiaomi Redmi Note 12 4GB 128GB Chính Hãng,4990000,Xiaomi,4GB,128GB
175,186,"2,4 inch",Unisoc T107,128MP,48MP,0.08MP,1200mAh,iNoi 244 (4G) Chính Hãng,Liên hệ,iNoi,,
176,187,"Màn ngoài: 3,4 inch - Màn Trong: 6,7 inch",Snapdragon 8 Gen 3 (4 nm),256GB,8GB,50MP - 12MP,"4000 mAh,",Samsung Galaxy Z Flip6 (5G) 12GB 256GB Chính Hãng,28990000,Samsung,12GB,256GB
177,188,6.67 inches,MediaTek Dimensity 1080 (6 nm),256 GB,12 GB,50Mp + 8MP + 2MP,5000 mAh,Xiaomi Redmi Note 12 Pro (5G) 12GB 256GB Box,Liên hệ,Xiaomi,12GB,256GB
178,189,6.73 inch,Snapdragon 8 Gen 2 (4 nm),256 GB,8Gb,50MP + 50MP + 50MP,4820mAh,Xiaomi 13 Pro (5G) 8GB 256GB Box,Liên hệ,Xiaomi,8GB,256GB
179,190,"6.71inch, IPS LCD, 90Hz, 500 nits",Mediatek Helio G36 (12 nm),64GB,3GB,8MP - 0.08MP,5000mAh,Xiaomi Redmi A3 Chính Hãng - B?o Hành 18 Tháng,Liên hệ,Xiaomi,,
180,191,6.67 inches,Dimensity 7200 Ultra (4 nm),256GGB,12GB,200MP - 8MP - 2MP,5000 mAh,Xiaomi Redmi Note 13 Pro Plus (5G) 12GB 256GB Box,7990000,Xiaomi,12GB,256GB
181,192,6.78 inch,MediaTek Helio G99,256GB,12GB,64MP - 2MP,5000mAh,Oscal Tiger 12 12GB 256GB Chính Hãng,4590000,Oscal,12GB,256GB
182,193,6.7 inches,Exynos 2400,512GB,12GB,50MP - 10MP - 12MP,4900 mAh,Samsung Galaxy S24 Plus (5G) 12GB 512GB Chính Hãng,30490000,Samsung,12GB,512GB
183,195,"6,82 inchs",Mediatek MT8781 Helio G99 (6nm),128GB,8 GB,50MP,6000 mAh,TECNO Pova 4 (4G) (8+8GB/128GB) - Chính Hãng,4490000,Tecno,8GB,128GB
184,196,6.67 inches,,512 GB,12 GB,64MP – 8MP – 2MP,5000 mAh,Xiaomi Redmi Note 12 Turbo 12GB 512GB Box,7990000,Xiaomi,12GB,512GB
185,197,6.2 inches,Exynos 2400,256GB,8GB,50MP - 10MP - 12MP,4000 mAh,Samsung Galaxy S24 (5G) 8GB 256GB Chính Hãng,22990000,Samsung,8GB,256GB
186,198,6.43 inches,Qualcomm® Snapdragon™ 662,128 GB,8 GB,"Camera chính: 48MP, f/1.7, AF Camera chân dung: 2MP, f/2.4 Camera macro: 2MP, f/2.4",5000 mAh,Oppo A95 8GB 128GB Chính hãng,6990000,OPPO,8GB,128GB
187,199,6.53 inches,MediaTek Helio G25 8 nhân,32 GB,2GB,13 MP,Li-Po 5000mAh,Xiaomi Redmi 9A 2GB 32GB Chính hãng,Liên hệ,XIAOMI,2GB,32GB
188,200,6.52 inches,MediaTek MT6761 (Helio A22),32 GB,2 GB,Chính 8MP & Ph? QVGA,5000 mAh,Xiaomi Redmi A1 2GB 32GB Chính hãng,2190000,Xiaomi,2GB,32GB
189,201,6.43 inches,MediaTek Dimensity 900 5G,128 GB,8Gb,"Chính 64 MP & Ph? 8 MP, 2 MP","4300 mAh, 65 W",OPPO Reno6 (5G) 6GB 128GB Chính hãng,12990000,Oppo,6GB,128GB
190,202,6.7 inches,MediaTek Dimensity 1080 (6 nm),256 GB,8Gb,108MP - 8MP - 2MP,5000 mAh,Realme 10 Pro Plus 8GB 256GB Box,Liên hệ,Realme,8GB,256GB
191,203,6.56 inch,Mediatek MT6765G Helio G35 (12 nm),128GB,4GB,13MP – 2MP,5000 mAh,Oppo A57 4GB 128GB Chính Hãng,4490000,Oppo,4GB,128GB
192,204,"6,7 icnhes",Helio G85,128GB,4GB,4 cam ( 16Mp + 2Mp + 5Mp + 2Mp ),"Pin 5.000 mAh, s?c nhanh 18 W",BPhone A50 chính hãng,Liên hệ,BPhone,,
193,205,6.72 inchs,Mediatek Helio G88 (12nm),128GB,6 GB,64MP - 2MP,,Realme C55 (4G) 6GB 128GB Chính Hãng,4990000,Realme,6GB,128GB
194,206,6.79 inchs,Mediatek Helio G88 (12nm),128GB,4GB,50MP - 8MP - 2MP,5000 mAh,Xiaomi Redmi 12 (4G) 4GB 128GB Chính Hãng,3990000,Xiaomi,4GB,128GB
195,207,6.67 inches,Snapdragon 7s Gen 2,256GB,8GB,200MP + 8MP + 2MP,5100mAh,Xiaomi Redmi Note 13 Pro (5G) 8GB 256GB Chính Hãng,9990000,Xiaomi,8GB,256GB
196,209,6.36 inch,Snapdragon 8 GEN 2,256 GB,8Gb,50MP – 10MP – 12MP,"Androi 13, MIUI 14",Xiaomi 13 (5G) 8GB 256GB Chính Hãng,Liên hệ,Xiaomi,8GB,256GB
197,210,"AMOLED 6,78 inch",Mediatek Helio G99 Ultimate,256GB,8GB,50 MP - 2 MP,5000 mAh,TECNO Camon 30 (8+8GB/256GB) - Chính Hãng,6490000,Tecno,8GB,256GB
198,211,"6.67inch AMOLED, 68B màu, 120Hz,",Snapdragon 8s Gen 3 (4 nm),256GB,12GB,50MP - 8MP - 2MP,5000mAh,Xiaomi Redmi Turbo 3 Box - B?o hành 15 Tháng,8490000,Xiaomi,,
199,212,6.8 inches,Qualcomm SM8550 Snapdragon 8 Gen 2 (4 nm),512GB,12 GB,200MP - 10MP - 10MP,5000 mAh,Samsung Galaxy S23 Ultra (5G) 12GB 512GB Chính Hãng,36990000,Samsung,12GB,512GB
200,213,6.73 inchs,Qualcomm SM8550-AB Snapdragon 8 Gen 2 (4 nm),256GB,12GB,50MP - 50MP - 50MP - 50MP,Li-Po 5000 mAh,Xiaomi 13 Ultra 12GB 256GB Box,20990000,Xiaomi,12GB,256GB
201,214,"6,7 icnhes",Helio G85,128GB,6GB,4 cam ( 16Mp + 2Mp + 5Mp + 2Mp ),"Pin 5.000 mAh, s?c nhanh 18 W",BPhone A60 chính hãng,6490000,BPhone,,
202,215,6.5 inches,MediaTek Helio G35,64 GB,4GB,"Camera góc r?ng: 50 MP, f/2.2, 25mm 1/3.06"", 1.12µm, PDAF Camera c?n c?nh: 2 MP, f/2.4 Camera xóa phông: 2 MP, f/2.4",Li-Po 5000 mAh,Oppo A55 4GB 64GB Chính hãng,4990000,OPPO,4GB,64GB
203,216,6.5 inches,Unisoc T606 8 nhân,32 GB,3 GB,Chính 48 MP & Ph? 2 MP,5000 mAh,Samsung Galaxy A03 (4G) 3GB 32GB Chính hãng,2990000,Samsung,3GB,32GB
204,217,6.7 inches,Qualcomm SM6375 Snapdragon 695 5G (6 nm),128GB,8Gb,108MP - 2MP - 2MP,Li-Po 4800mAh,Oppo Reno 8T (5G) 8GB 128Gb Chính Hãng,9990000,Oppo,8GB,
205,218,6.67 inches,Qualcomm SM8250 Snapdragon 865 5G (7 nm+),256GB,8GB,108MP – 13MP – 5MP,5000mAh,Xiaomi Mi 10T Pro (5G) 8GB 256GB Chính Hãng,Liên hệ,Xiaomi,8GB,256GB
206,219,6.7 inches,MediaTek Dimensity 8100 (5 nm),256 GB,12 GB,50Mp + 8MP + 2MP,5000 mAh,Realme GT Neo 3 12GB 256GB (80W) Box,Liên hệ,Realme,12GB,256GB
207,221,8.02 inches (màn hình chính) - 6.56 inches (màn hình ph?),Snapdragon 8+ Gen 1 (4 nm),256GB,12GB,50MP - 8MP - 13MP,Li-Po 4500 mAh,Xiaomi Mix Fold2 12GB 256GB Box,30990000,Xiaomi,12GB,256GB
208,223,11 inches,Snapdragon 8+ Gen 1 (4 nm),256 GB,12 GB,50MP - 2MP,8600 mAh,Xiaomi Pad 6 Pro 12GB 256GB Box,12990000,Xiaomi,12GB,256GB
209,224,6.6 inch,Dimensity 1080,256GB,8Gb,48MP - 8MP - 5MP,5000 mAh,Samsung Galaxy A34 (5G) 8GB 256GB Chính Hãng,9990000,Samsung,8GB,256GB
210,225,6.6 inch,Dimensity 1080,128GB,8Gb,48MP - 8MP - 5MP,5000 mAh,Samsung Galaxy A34 (5G) 8GB 128GB Chính Hãng,8490000,Samsung,8GB,128GB
211,226,6.73 inch,Snapdragon 8 Gen 2 (4 nm),256 GB,12 GB,50MP + 50MP + 50MP,4820mAh,Xiaomi 13 Pro 12GB 256GB Chính Hãng,Liên hệ,Xiaomi,12GB,256GB
212,227,"6,67 inches",Qualcomm Snapdragon 685,128GB,6GB,108MP - 8MP - 2MP,5000 mAh,Xiaomi Redmi Note 13 6GB 128GB Chính Hãng,4890000,Xiaomi,6GB,128GB
213,228,"6.72 inches, IPS LCD",Mediatek MT6769 Helio G85 (12nm),128GB,6GB,50 MP - 2 MP,5000mAh,Oppo A58 (4G) 6GB 128GB Chính Hãng ,5690000,Oppo,6GB,128GB
214,229,6.6 inches,Unisoc T606 Octa-Core 1.6GHz,128GB,8GB,50MP - 2MP - 2MP,5000 mAh,ZTE Blade V50 Design 8GB 128GB Chính Hãng ,2990000,ZTE,8GB,128GB
215,230,"6.56inch, IPS LCD",Mediatek MT6769 Helio G85 (12nm),64GB,4GB,"8 MP - 2 MP,",5000 mAh,OPPO A18 4GB 64GB Chính Hãng ,3990000,OPPO,4GB,64GB
216,231,6.67 inches,Qualcomm SM8475 Snapdragon 8+ Gen 1 (4 nm),256 GB,8Gb,"Camera góc r?ng: 64MP, f/1.8, 1/2"", 0,7µm, PDAF, OIS Camera góc siêu r?ng: 8MP, 120°, 1/4"", 1,12µm Camera macro: 2MP, f/2.4",5500 mAh,Xiaomi Redmi K60 (5G) 8GB 256GB Box,Liên hệ,Xiaomi,8GB,256GB
217,232,6.5 inches,Exynos 1280,128GB,8GB,50MP - 8GB - 2MP,6000 mAh,Samsung Galaxy M34 (5G) 8GB 128GB Chính Hãng,7990000,Samsung,8GB,128GB
218,233,"6,56 inch, IPS LCD",Lõi tám (2x2.0 GHz Cortex-A75 & 6x1.8 GHz Cortex-A55),64GB,4GB,50 MP - 2 MP,5000mAh,Oppo A38 4GB 64GB Chính Hãng,3990000,oppo,4GB,64GB
219,234,"6.6-inch HD+, 90Hz",Unisoc T606,256GB,16GB,50 MP - 2 MP,5000 mAh,ZTE Nubia V60 Design (6+10GB/ 256GB) Chính Hãng,Liên hệ,ZTE,10GB,256GB
220,235,6.6 inches,Exynos 1480,128GB,8GB,50MP - 12MP - 5MP,5000 mAh,Samsung Galaxy A55 (5G) 8GB 128GB Chính Hãng,9990000,Samsung,8GB,128GB
221,236,6.67 inches,Qualcomm SM8475 Snapdragon 8+ Gen 1 (4 nm),256 GB,16GB,"Camera góc r?ng: 64MP, f/1.8, 1/2"", 0,7µm, PDAF, OIS Camera góc siêu r?ng: 8MP, 120°, 1/4"", 1,12µm Camera macro: 2MP, f/2.4",,Xiaomi Redmi K60 (5G) 16GB 256GB Box,9990000,Xiaomi,16GB,256GB
222,237,6.73 inches,Qualcomm SM8475 Snapdragon 8+ Gen 1 (4 nm),256GB,8GB,50MP - 48MP - 48MP,Li-Po 4860 mAh,Xiaomi 12S Ultra (5G) 8GB 256GB Box,Liên hệ,Xiaomi,8GB,256GB
223,238,6.67 inches,Qualcomm SM8350 Snapdragon 888 5G (5 nm),256GB,12GB,108MP – 8MP – 5MP,5000mAh,Xiaomi 11T Pro (5G) 12GB 256GB Chính Hãng (Dimensity 8100),Liên hệ,Xiaomi,12GB,256GB
224,240,6.1 inch,Apple A16 Bionic,256 GB,6GB,Camera chính: 48MP Camera góc siêu r?ng: 12MP Camera tele: 12MP,"3,200mAh",iPhone 14 Pro 256GB VNA  - T?ng BH roi v? vào nu?c,Liên hệ,Apple,,256GB
225,241,6.73 inches,Snapdragon 8+ Gen 1 (4 nm),128GB,8GB,50MP - 50MP - 50MP,4600 mAh,Xiaomi 12S Pro 8GB 128GB Box,Liên hệ,Xiaomi,8GB,128GB
226,242,6.74 inchs,Snapdragon 7+ Gen 2,256 GB,8Gb,64MP – 8MP – 2MP,5500 mAh,Realme GT Neo 5 SE 8GB 256GB Box,Liên hệ,Realme,8GB,256GB
227,243,6.67 inches,MediaTek Dimensity 1080 (6 nm),256 GB,8Gb,50Mp + 8MP + 2MP,5000 mAh,Xiaomi Redmi Note 12 Pro (5G) 8GB 256GB Box,Liên hệ,Xiaomi,8GB,256GB
228,244,"6,8 inches",Snapdragon 8 Gen 1 8 nhân,512GB,12 GB,4 cam (108MP + 12MP + 10MP + 10 MP),Li-Po 5000mAh,Samsung Galaxy S22 Ultra (5G) 12GB 512GB Chính hãng,36990000,Samsung,12GB,512GB
229,245,6.7 inches,Qualcomm SM7325 Snapdragon 778G 5G (6 nm),256 GB,12 GB,50MP - 32MP - 8MP,4600mAh,Oppo Reno 10 Pro (5G) 12GB 256GB Chính Hãng,14990000,Oppo,12GB,256GB
230,247,6.67 inches,Dimensity 7200 Ultra (4 nm),512GB,16GB,200MP - 8MP - 2MP,Li-Po 5000 mAh,Xiaomi Redmi Note 13 Pro Plus (5G) 16GB 512GB Box,Liên hệ,Xiaomi,16GB,512GB
231,248,6.67 inches,Snapdragon 7s Gen 2,256GB,8GB,200MP + 8MP + 2MP,5100mAh,Xiaomi Redmi Note 13 Pro (5G) 8GB 256GB Box,6990000,Xiaomi,8GB,256GB
232,249,11inchs,Qualcomm SM8250-AC Snapdragon 870 5G (7 nm),128GB,6GB,13MP,8840mAh,Xiaomi Pad 6 6GB 128GB Box,7990000,Xiaomi,6GB,128GB
233,250,6.74 inchs,Qualcomm SM8475 Snapdragon 8+ Gen 1 (4 nm),256 GB,16 GB,50Mp + 8MP + 2MP,5000 mAh,Realme GT Neo 5 16Gb 256GB Box,12990000,Realme,,256GB
234,251,6.62 inch,Qualcomm SM8250-AC Snapdragon 870 5G (7 nm),128GB,8Gb,64MP – 8MP – 2MP,5000 mAh,Realme Q5 Pro 8GB 128GB Box,Liên hệ,Realme,8GB,128GB
235,252,6.4 inches,Exynos 2200 (4 nm),128GB,8GB,50MP - 8MP - 12MP,Li-Ion 4500 mAh,Samsung Galaxy S23 FE 8GB 128GB Chính Hãng,14990000,Samsung,8GB,128GB
236,254,6.7 inches,A17 Pro,256 GB,8 GB,"Camera chính: 48MP, 24 mm, ƒ/1.78, Camera góc siêu r?ng: 12 MP, 13 mm, ƒ/2.2",4422 mAh,iPhone 15 Pro Max 256GB VN/A - T?ng BH roi v? vào nu?c,36990000,iPhone,,256GB
237,255,"LTPO AMOLED, 6.78 inches, 120Hz",Qualcomm SM8635 Snapdragon 8s Gen 3 (4 nm),256GB,12GB,50 MP - 8 MP,5500 mAh,Realme GT Neo 6 12GB 256GB Box - B?o Hành 15 tháng,9690000,realme,12GB,256GB
238,256,6.67 inches,Snapdragon 4 Gen 1,128GB,6 GB,"48 MP, (góc r?ng), 0.8µm, PDAF 2 MP, f/2.4, (d? sâu) Quay phim: 1080p@30/60fps",Li-Po 5000 mAh,Xiaomi Redmi Note 12 (5G) 6GB 128GB Box,4990000,Xiaomi,6GB,128GB
239,258,"1.8"", QQVGA, QVGA",Unisoc T107,128 MB,48 MB,0.08 MP,1020 mAh,Nokia 110 DS 4G – S?n ph?m chính hãng,810000,NOKIA,,
240,259,6.7 inches,Dimensity 7050 (6 nm),256 GB,12 GB,200MP + 8MP + 2MP,5000 mAh,Realme 11 Pro Plus (5G) 12GB 256GB Box,8990000,Realme,12GB,256GB
241,260,6.73 inch,Snapdragon 8 Gen 2 (4 nm),256 GB,12 GB,50MP + 50MP + 50MP,4820mAh,Xiaomi 13 Pro (5G) 12GB 256GB Box,Liên hệ,Xiaomi,12GB,256GB
242,261,6.74 inchs,Qualcomm SM8475 Snapdragon 8+ Gen 1 (4 nm),256 GB,12 GB,50Mp + 8MP + 2MP,5000 mAh,Realme GT Neo 5 12GB 256GB Box,12990000,Realme,12GB,256GB
243,262,1.77 inchs,Unisoc T107,,,QVGA,,Nokia 110 4G Pro (2023) Chính Hãng,710000,Nokia,,
244,264,"6.5""",Unisoc SC9863A,128GB,4GB,50.0 MP + 2.0 MP,5000mAh,Nokia C32 4GB 128GB Chính Hãng,3290000,Nokia,4GB,128GB
245,265,6.8 inches,Mediatek Helio G88 (12nm),128GB,8GB,50MP - 0.8MP,Li-Po 5000 mAh,TECNO Spark 10 Pro (8+8GB/128GB) - Chính Hãng,3990000,Tecno,8GB,128GB
246,266,7.6 inches,Snapdragon 8 Gen 2 for Galaxy,512GB,12 GB,50MP - 12MP - 12MP,4400mAh,Samsung Galaxy Z Fold5 12GB 512GB Chính Hãng,44990000,Samsung,12GB,512GB
247,267,6.55 inch,Mediatek Dimensity 8200 Ultra (4 nm),256GB,12GB,50MP – 8MP – 2MP,4500mAh,Xiaomi Civi 3 12GB 256GB Box,8990000,Xiaomi,12GB,256GB
248,268,"6,78 inches",Mediatek Helio G99 Ultimate,256GB,8GB có th? m? r?ng lên 16GB,108MP - 2MP - 32MP,5000mAh,TECNO Spark 20 Pro+ (8+8GB/256GB) - Chính Hãng ,5490000,Tecno,8GB,256GB
249,269,6.67 inches,Snapdragon 8 Gen 2 (4 nm),256 GB,8 GB,"Camera góc r?ng: 54MP, f/1.9, 1/1.49"", 1.0µm, PDAF, OIS Camera góc siêu r?ng: 8MP, 118°, 1/4"", 1.12µm Camera macro: 2 MP, f/2.4",5000 mAh,Xiaomi Redmi K60 Pro (5G) 8GB 256GB Box,Liên hệ,Xiaomi,8GB,256GB
250,270,"6,5 inches",Unisoc T606,128GB,6GB,48MP - 2MP - 2MP,4000mAh,INOI A83 (4G) 6GB 128GB Chính Hãng ,2590000,INOI,6GB,128GB
251,271,6.56 inch,Mediatek MT6765 Helio G35 (12 nm),64GB,3GB,"8 MP, f/2.0",5000 mAh,Oppo A17K 3GB 64GB Chính Hãng,3290000,Oppo,3GB,64GB
252,272,6.8 inches,Snapdragon 8 Gen 3 (4 nm),1TB,12GB,200MP - 50MP - 10MP - 12MP,5000 mAh,Samsung Galaxy S24 Ultra (5G) 12GB 1TB Chính Hãng,44490000,Samsung,12GB,
253,274,6.1 inches,6-core CPU,256GB,6GB,Camera chính: 48MP Camerra góc r?ng: 12MP Camera Tele: 12MP,,iPhone 15 256GB VN/A - T?ng BH roi v? vào nu?c,Liên hệ,iPhone,,256GB
254,275,1.8 inchs,Unisoc T107,,,,1450mAh,Nokia 105 4G Pro (2023) Chính Hãng,780000,Nokia,,
255,276,6.1 inch,Apple A13 Bionic (7 nm+),64 GB,4 GB,Dual 12 MP,Li-Ion 3110mAh,iPhone 11 64GB chính hãng VN/A - T?ng BH roi v? vào nu?c,14990000,Apple,,64GB
256,277,6.8 inches,Snapdragon 8 Gen 2 (4 nm),256GB,8GB,50MP - 8MP - 2MP,"Li-Po 6000 mAh,",ZTE nubia Red Magic 8S Pro 8GB 256GB Box,16990000,Nubia,8GB,256GB
257,278,6.52 inches,Unisoc T606,32 GB,3 GB,"AI 50MP AF, f/1.8+ 2MP, c?m bi?n d? sâu tru?ng ?nh",5000mAh3 pin li?n,Nokia G11 Plus 3GB 32GB Chính hãng,3390000,Nokia,3GB,32GB
258,279,6.56 inch,Qualcomm SM6225 Snapdragon 680 4G (6 nm),128GB,8Gb,50.0 MP + 2.0 MP,5000 mAh,Oppo A77s 8GB 128GB Chính Hãng,6290000,Oppo,8GB,128GB
259,280,6.67 inches,MediaTek Dimensity 8100-Ultra,128GB,8Gb,108MP - 8MP - 2MP,5000 mAh,Xiaomi 12T 8GB 128GB Chính hãng,12490000,Xiaomi,8GB,128GB
260,281,6.67 inches,MediaTek Dimensity 8100 (5 nm),256 GB,12 GB,48MP + 8MP + 2MP,Li-Ion 5500mAh,Xiaomi Redmi K50 (5G) 12GB 256GB Box,9490000,Xiaomi,12GB,256GB
261,282,6.6 inch,Qualcomm SM8550 Snapdragon 8 Gen 2 (4 nm),256 GB,8Gb,50MP - 10MP - 12MP,4700 mAh,Samsung Galaxy S23 Plus (5G) 8GB 256GB Chính Hãng,26990000,Samsung,8GB,256GB
262,283,6.6 inches,Helio G25,64GB,4GB,13MP - 2MP,5000mAh,TCL 406S 4GB 64GB Chính Hãng,2190000,TCL,4GB,64GB
263,284,6.78 inchs,,256GB,8GB,,,Xiaomi Redmi Note 12 Pro Plus 8GB 256GB Likenew Fullbox,7990000,Xiaomi,8GB,256GB
264,285,6.78”FHD+ | Amoled | 120Hz,MTK Helio G99 Ultimate,256GB,8GB,108 MP,6000mAh,TECNO Pova 6 (8+8GB/256GB) - Chính Hãng,6490000,Tecno,8GB,256GB
265,286,6.6 inch,MediaTek MT6833 Dimensity 700 (7 nm),128GB,4GB,50MP + 2MP + 2MP,Li-Po 5000 mAh,Samsung Galaxy A14 (5G) 4GB 128GB Chính Hãng,Liên hệ,Samsung,4GB,128GB
266,287,11 inchs,Snapdragon 8+ Gen 1 (4 nm),256GB,8GB,50MP - 2MP,8600 mAh,Xiaomi Pad 6 Pro 8GB 256GB Box,9990000,Xiaomi,8GB,256GB
267,288,6.75inch,MediaTek G88,128GB,4GB,50MP - 16MP -8MP,5000 mAh,INOI A54 4GB 128GB Chính Hãng,Liên hệ,INOI,4GB,128GB
268,289,6.67 inches,MediaTek Helio G96 8 nhân,128GB,8 GB,"Camera góc r?ng: 108 MP, f/1.9, PDAF Camera góc siêu r?ng: 8 MP Camera Tele: 2 MP, f/2.4",5000 mAh,Xiaomi Redmi Note 11 Pro (4G) 8GB 128GB Chính hãng,Liên hệ,XIAOMI,8GB,128GB
269,290,6.8 inches,Snapdragon 8 Gen 3 (4 nm),256GB,16GB,50MP - 50MP - 2MP,5500 mAh,ZTE Nubia Red Magic 9 Pro Plus 16GB 256GB Box,Liên hệ,ZTE Nubia,16GB,256GB
270,291,6.6 inches,Snapdragon 680 (SM6225),128GB,4GB,50MP + 5MP + 2MP + 2MP,5.000 mAh,Samsung Galaxy A23 (4G) 4GB 128GB Chính hãng,5690000,Samsung,4GB,128GB
271,292,6.67 inches,Mediatek Dimensity 9200+ (4 nm),1TB,16GB,50Mp + 8MP + 2MP,5000 mAh,Xiaomi Redmi K60 Ultra (5G) 16GB 1TB Box,Liên hệ,Xiaomi,16GB,
272,293,"AMOLED, 6.7 inches, 120Hz",Octa-core (2x2.6 GHz Cortex-A78 & 6x2.0 GHz Cortex-A55),256GB,8GB,64 MP - 8MP - 2MP,5000mAh,Oppo Reno 11 F (5G) 8GB 256GB Chính Hãng,8690000,oppo,8GB,256GB
273,294,6.74 inches,Mediatek MT6769Z Helio G85 (12nm),128GB,4GB,50MP - 2MP - 0.08MP,5000mAh,Xiaomi Redmi 13C 4GB 128GB Chính Hãng,3590000,Xiaomi,4GB,128GB
274,295,6.5 inches,Mediatek MT8781 Helio G99 (6nm),128GB,6GB,50MP - 5MP - 2MP,5000mAh,Samsung Galaxy A24 (4G) 6GB 128GB Chính Hãng,6490000,Samsung,6GB,128GB
275,296,6.8 inches,Qualcomm SM8550 Snapdragon 8 Gen 2 (4 nm),256 GB,8Gb,200MP - 10MP - 10MP,5000 mAh,Samsung Galaxy S23 Ultra (5G) 8GB 256GB Chính Hãng,31990000,Samsung,8GB,256GB
276,298,6.52 inches,MediaTek MT6762D Helio A25 (12 nm),64GB,4 GB,13MP,Li-Ion 5000mAh,TECNO Spark 6 GO 4GB 64GB Chính hãng,Liên hệ,TECNO,4GB,64GB
277,300,"AMOLED, 6.7 inches, 120Hz, HDR10+",Mediatek Dimensity 7300 Energy (4 nm),256GB,12GB,50 MP - 8 MP - 2 MP,5000 mAh,Oppo Reno 12 (5G) Chi´nh Ha~ng,12990000,oppo,,
278,301,6.78 inchs,MediaTek Helio G99 (6nm),256 GB,8Gb,50MP,6000 mAh,TECNO Pova 5 (8+8GB/256GB) - Chính Hãng,5990000,Tecno,8GB,256GB
279,302,6.43 inch,MediaTek Helio G99 (6nm),256 GB,8Gb,100MP - 2MP - 2MP,5000 mAh,Oppo Reno 8T (4G) 8GB 256GB Chính Hãng,8990000,Oppo,8GB,256GB
280,303,6.67 inches,MediaTek MT6769Z Helio G85 (12nm),256 GB,8Gb,64MP - 2MP,5000 mAh,TECNO Camon 20 (8+8GB/256GB) - Chính Hãng,4990000,Tecno,8GB,256GB
281,304,6.6 inches,Qualcomm SM7225 Snapdragon 750 5G (8 nm),128 GB,4 GB,"Chính 48 MP & Ph? 12 MP, 5 MP, 5 MP",5000 mAh,Samsung Galaxy A42 5G Hàn Cu 99%,3290000,Samsung,,
282,305,"1.8"", QQVGA, QVGA",Unisoc T107,128 MB,48 MB,,1020 mAh,Nokia 105 DS 4G – S?n ph?m chính hãng,710000,NOKIA,,
283,306,6.6 inches,Unisoc SC9863A,128GB,4GB,13MP - 2MP,5000mAh,ZTE Blade A54 4GB 128GB Chính Hãng,2290000,ZTE,4GB,128GB
284,308,6.67 inches,MediaTek Dimensity 8100 (5 nm),256 GB,8Gb,48MP + 8MP + 2MP,Li-Ion 5500mAh,Xiaomi Redmi K50 (5G) 8GB 256GB Box,9490000,Xiaomi,8GB,256GB
285,309,6.8 inches,Chipset Qualcomm SM8550-AB,256GB,8GB,50MP - 8MP - 2MP,80W,Nubia Red Magic 8 Pro 8GB 256GB Box,Liên hệ,Nubia,8GB,256GB
286,310,AMOLED 6.43 inches,Snapdragon 680 4G (6nm),256GB,8GB,50 MP - 2 MP,Li-Po 5000 mAh,Oppo A78 (4G) 8GB 256GB Chính Hãng,6990000,oppo,8GB,256GB
287,311,6.1 inch,Apple A15 Bionic,256 GB,6 GB,Camera góc r?ng: 12MP Camera góc siêu r?ng: 12MP,"3,279mAh",iPhone 14 256GB chính hãng VNA - T?ng BH roi v? vào nu?c,28990000,Apple,,256GB
288,312,6.67 inches,Qualcomm SM6375 Snapdragon 695 5G (6 nm),128GB,6GB,48MP - 8MP - 2MP,Li-Po 5000 mAh,Xiaomi Poco X5 (5G) 6GB 128Gb Chính Hãng,6990000,Xiaomi,6GB,
289,313,6.6 inches,Unisoc T606 Octa-Core 1.6GHz,128GB,8GB,50MP - 2MP - 2MP,5000 mAh,ZTE Blade V50 Design 8GB 256GB Chính Hãng ,3290000,ZTE,8GB,256GB
290,314,6.6 inches,Snapdragon 8 Gen 1 8 nhân,128 GB,8Gb,50MP – 10MP – 12MP,4500 mAh,Samsung Galaxy S22 Plus (5G) 8GB 128GB Chính hãng,25990000,Samsung,8GB,128GB
291,316,6.67 inches,,1 TB,16 GB,64MP – 8MP – 2MP,5000 mAh,Xiaomi Redmi Note 12 Turbo 16GB 1TB Box,7990000,Xiaomi,16GB,
292,317,6.67 inches,Dimensity 7200 Ultra (4 nm),512GB,12GB,200MP - 8MP - 2MP,Li-Po 5000 mAh,Xiaomi Redmi Note 13 Pro Plus (5G) 12GB 512GB Box,8590000,Xiaomi,12GB,512GB
293,318,6.67 inches,,256 GB,12 GB,64MP – 8MP – 2MP,5000 mAh,Xiaomi Redmi Note 12 Turbo 12GB 256GB Box,6990000,Xiaomi,12GB,256GB
294,319,"6,1 inches",Apple A15 Bionic Chip,256 GB,4GB,C?m bi?n LiDAR,3240mAh,iPhone 13 256GB Chính hãng VN/A  - T?ng BH roi v? vào nu?c,27990000,Apple,,256GB
295,320,6.1 inches,,128GB,8 GB,"48MP, 24 mm, ƒ/1.78, Camera góc siêu r?ng: 12 MP, 13 mm, ƒ/2.2 Camera Tele 3x: 12 MP, 77 mm, ƒ/2.8 Camera Tele 2x: 12 MP, 48 mm, ƒ/1.78",,iPhone 15 Pro 128GB VN/A - T?ng BH roi v? vào nu?c,30990000,iPhone,,128GB
296,321,6.67 inches,Qualcomm Snapdragon 870,256 GB,8Gb,48MP + 8MP + 2MP,4500 mAh,Xiaomi Redmi K40s (5G) 8GB 256GB Box,8450000,Xiaomi,8GB,256GB
297,322,"6.75inches, 90Hz",Unisoc SC9863A1,64GB,4GB,13MP + Camera AI,5000mAh,ZTE Blade A55 Chính Hãng,Liên hệ,ZTE,,
298,323,6.36 inch,Snapdragon 8 GEN 2,256 GB,12 GB,50MP – 10MP – 12MP,"Androi 13, MIUI 14",Xiaomi 13 (5G) 12GB 256GB Box,16990000,Xiaomi,12GB,256GB
299,324,6.1 inch,Snapdragon 8 Gen 1 8 nhân,128 GB,8Gb,50MP – 10MP – 12MP,Li-Po 3700mAh,Samsung Galaxy S22 (5G) 8GB 128GB Chính hãng,21990000,Samsung,8GB,128GB
300,326,6.62 inch,Qualcomm SM8250-AC Snapdragon 870 5G (7 nm),256 GB,8Gb,64MP – 8MP – 2MP,5000 mAh,Realme Q5 Pro 8GB 256GB Box,Liên hệ,Realme,8GB,256GB
301,327,6.7 inches,Dimensity 7050,128 GB,8Gb,64MP - 32MP - 8MP,5000 mAh,Oppo Reno 10 (5G) 8GB 128GB Chính Hãng,10990000,Oppo,8GB,128GB
302,328,6.6 inches,Exynos 850,128 GB,4 GB,50MP + 5MP + 2MP + 2MP,Li-Po 5000 mAh,Samsung Galaxy A13 (4G) 4GB 128GB chính hãng,Liên hệ,Samsung,4GB,128GB
303,329,6.67 inches,Mediatek Dimensity 9200+ (4 nm),1TB,24GB,50Mp + 8MP + 2MP,5000 mAh,Xiaomi Redmi K60 Ultra (5G) 24GB 1TB Box,Liên hệ,Xiaomi,,
304,330,6.8 inches,Qualcomm Snapdragon 8+ Gen 2 (4 nm),256GB,12GB,50MP - 8MP - 2MP,5000mAh,Nubia Red Magic 8 Pro Plus 12GB 256GB Box (Snapdragon 8 Gen 2),Liên hệ,ZTE Nubia,12GB,256GB
305,331,6.67 inches,Mediatek Dimensity 6080 (6 nm),128GB,8GB,100MP – 2MP,5000mAh,Xiaomi Redmi Note 13 (5G) 8GB 128GB Box - BH 15 Tháng,5990000,Xiaomi,8GB,128GB
306,333,"PLS LCD 6.5 inches,",Mediatek MT6765 Helio P35 (12nm),32GB,3GB,13 MP - 2 MP,Li-Po 5000 mAh,Samsung Galaxy A04e 3GB 32GB Chính Hãng,3990000,Samsung,3GB,32GB
307,334,6.67 inches,Snapdragon 8 Gen 2 (4 nm),128 GB,8 GB,"Camera góc r?ng: 54MP, f/1.9, 1/1.49"", 1.0µm, PDAF, OIS Camera góc siêu r?ng: 8MP, 118°, 1/4"", 1.12µm Camera macro: 2 MP, f/2.4",5000 mAh,Xiaomi Redmi K60 Pro (5G) 8GB 128GB Box,10990000,Xiaomi,8GB,128GB
308,335,6.67 inches,Dimensity 7200 Ultra (4 nm),256GGB,12GB,200MP - 8MP - 2MP,5000 mAh,Xiaomi Redmi Note 13 Pro Plus (5G) 12GB 256GB Chính Hãng,10990000,Xiaomi,12GB,256GB
309,336,6.67 inches,MediaTek Dimensity 1080 (6 nm),128GB,6GB,50Mp + 8MP + 2MP,5000 mAh,Xiaomi Redmi Note 12 Pro (5G) 6GB 128GB Box,Liên hệ,Xiaomi,6GB,128GB
310,338,7.6 inches,Snapdragon 8 Gen 2 for Galaxy,256 GB,12 GB,50MP - 12MP - 12MP,4400mAh,Samsung Galaxy Z Fold5 12GB 256GB Chính Hãng,40990000,Samsung,12GB,256GB
311,339,6.6 inches,Unisoc SC9863A,64GB,2GB,5MP - 2MP,5000mAh,ZTE Blade A34 2GB 64GB Chính Hãng,1790000,ZTE,2GB,64GB
312,340,"Màn ngoài: 6,3 inch - Màn trong: 7,6 inch",Snapdragon 8 Gen 3 (4 nm),512GB,12GB,50MP - 10MP - 12MP,4400 mAh,Samsung Galaxy Z Fold6 (5G) 12GB 512GB Chính Hãng,47990000,Samsung,12GB,512GB
313,342,2 inches,,,,"0,3MP",1000mAh,INOI 288S (4G) Chính Hãng,1190000,INOI,,
314,343,6.8 inches,Mediatek Helio G88 (12nm),256GB,8GB,50MP - 0.8MP,Li-Po 5000 mAh,TECNO Spark 10 Pro (8+8GB/256GB) - Chính Hãng,4990000,Tecno,8GB,256GB
315,344,6.6 inches,Mediatek,128GB,4GB,50MP - 0.08MP,5000 mAh,TECNO Spark 20C (4+4GB/128GB) - Chính Hãng,2690000,Tecno,4GB,128GB
316,345,6.67 inches,,256 GB,16 GB,64MP – 8MP – 2MP,5000 mAh,Xiaomi Redmi Note 12 Turbo 16GB 256GB Box,9090000,Xiaomi,16GB,256GB
317,346,6.8 inches,Snapdragon 8 Gen 3 (4 nm),256GB,12GB,200MP - 50MP - 10MP - 12MP,5000mAh,Samsung Galaxy S24 Ultra (5G) 12GB 256GB Chính Hãng,33990000,Samsung,12GB,256GB
318,347,6.36 inches,Qualcomm Snapdragon 8 Gen 3 (4 nm),256GB,12GB,50MP - 50MP - 50MP,4610 mAh,Xiaomi 14 (5G) 12GB 256GB Chính Hãng,22990000,Xiaomi,12GB,256GB
319,348,6.5 inches,Mediatek Helio G99,128GB,8GB,50MP - 5MP - 2MP,5000 mAh,Samsung Galaxy A15 (4G)  8GB 128GB Chính Hãng ,4990000,Samsung,8GB,128GB
320,349,11.0 inches,Snapdragon 680 4G (6 nm),128GB,8GB,8MP,Li-Po 8000 mAh,Xiaomi Redmi Pad SE 8GB 128GB Box,4990000,Xiaomi,8GB,128GB
321,350,6.43 inches,"Qualcomm Snapdragon 662, t?i da 2.0GHz",128GB,8 GB,"Camera chính: 48 MP, f/1.7 Camera c?n c?nh: 2 MP, f/2.4 Camera don s?c: 2 MP, f/2.4",Li-Po 5000 mAh,Oppo A74 8GB 128GB Chính hãng,6990000,Oppo,8GB,128GB
