Tên sản phẩm,Hãng sản xuất,Bộ nhớ trong,Ram,Chipset(CPU),Kích thước màn hình,Độ phân giải Camera,Dung lượng pin,Giá
Samsung Galaxy A05 (4G) 4GB 128GB Chính Hãng,Samsung,128GB,4GB,Helio G85,6.7 inches,50MP - 2MP,5000 mAh,3090000
iPhone 14 128GB VNA - T?ng BH roi v? vào nu?c,Apple,128GB,6 GB,Apple A15 Bionic,"6,1 inches",Camera góc r?ng: 12MP Camera góc siêu r?ng: 12MP,"3,279mAh",25990000
INOI Note 13s 8GB 256GB Chính Hãng,INOI,256GB,8GB,Unisoc T606 (12 nm),7.0 inches,16MP - 2MP - 2MP,5000mAh,3390000
iPhone 14 Pro 128GB VN/A - T?ng BH roi v? vào nu?c,Apple,128GB,6GB,Apple A16 Bionic,6.1 inch,Camera chính: 48MP Camera góc siêu r?ng: 12MP Camera tele: 12MP,"3,200mAh",31990000
Samsung Galaxy Z Flip5 8GB 256GB Chính Hãng,Samsung,256 GB,8Gb,Snapdragon 8 Gen 2 for Galaxy,6.7 inches,12MP - 12MP,3700 mAh,25990000
Xiaomi Redmi Pad SE 6GB 128GB Box,Xiaomi,128GB,6GB,Snapdragon 680 4G (6 nm),11.0 inches,8MP,Li-Po 8000 mAh,4990000
Samsung Galaxy S22 (5G) 8GB 256GB Chính hãng,Samsung,256 GB,8 GB,Snapdragon 8 Gen 1 8 nhân,6.1 inch,50MP – 10MP – 12MP,Li-lon 3700 mAh,23490000
Oppo Reno 7 (5G) 8GB 256GB Chính hãng,Oppo,256 GB,8 GB,MediaTek Dimensity 900 5G,6.43 inches,64MP – 8MP – 2MP,4500 mAh,12990000
Xiaomi Poco X3 GT 8GB 128GB Chính Hãng,Xiaomi,128GB,8Gb,MediaTek MT6891Z Dimensity 1100 (6 nm),6.6 inch,64MP – 8MP – 2MP,5000 mAh,Liên hệ
Xiaomi Redmi A2 2GB 32GB Chính Hãng,Xiaomi,32GB,2GB,MediaTek Helio G36,6.52 inches,2 Camera chính: 8MP - f/2.0,5000 mAh,2990000
Xiaomi Redmi K70 Pro 16GB 256GB Box,Xiaomi,256GB,16G6,Snapdragon 8 Gen 3 (4 nm),6.67 inches,50MP - 50MP - 12MP,5000 mAh,17990000
Xiaomi Redmi Note 11T Pro (5G) 8GB 256GB Box,Xiaomi,128GB,8Gb,MediaTek Dimensity 8100 (5 nm),6.6 inches,64MP – 8MP – 2MP,5080mAh,7990000
Realme GT Neo 2T 12GB 256GB Box,Realme,256 GB,12 GB,MediaTek MT6893 Dimensity 1200 (6 nm),6.43 inch,64MP – 8MP – 2MP,4500 mAh,7450000
Samsung Galaxy A54 (5G) 8GB 256GB Chính Hãng,Samsung,256 GB,8Gb,Exynos 1380,6.4 inches,50MP -12MP - 5MP,5000 mAh,11490000
Xiaomi Redmi K70E 12GB 256GB Box,Xiaomi,256GB,12GB,Dimensity 8300 Ultra (4 nm),6.67 inches,64MP - 8MP - 2MP,5500 mAh,9990000
Xiaomi Poco M4 (5G) 4GB 64GB Chính Hãng,Xiaomi,64GB,4GB,MediaTek MT6833 Dimensity 700 5G (7nm) 8 nhân,6.58 inches,"13MP, f/2.2, Ch?p góc r?ng, L?y nét t? d?ng theo pha PDAF",5000 mAh,4990000
iPhone 15 128GB VN/A - T?ng BH roi v? vào nu?c,Apple,128GB,6GB,Apple A16 Bionic,6.1 inches,Camera chính: 48MP Camera góc siêu r?ng: 12MP Camera tele: 12MP,3.349 mAh,23990000
INOI 240 (4G) Chính Hãng,INOI,128MB,48MB,Unisoc T107,"1,8 inch",0.08MP,1000 mAh,Liên hệ
Realme C60 4GB 64GB Chính Hãng ,Realme,64GB,4GB,Unisoc T612,"6,74 inches",13MP,5000mAh,2990000
TECNO Spark Go 2024 (4+4GB/64GB) - Chính Hãng,Tecno,64GB,4GB,Unisoc T606 (12 nm),6.6 inches,"13MP - 0,08MP",5000 mAh,2190000
Xiaomi Redmi K60 Ultra (5G) 16GB 256GB Box,Xiaomi,256 GB,16 GB,Mediatek Dimensity 9200+ (4 nm),6.67 inches,50Mp + 8MP + 2MP,5000 mAh,11990000
Oppo Reno 8 (4G) 8GB 256GB Chính Hãng,Oppo,256 GB,8Gb,Qualcomm SM6225 Snapdragon 680 4G (6 nm),6.43 inch,64MP - 2MP - 2MP,4500 mAh,8990000
iPhone SE 3 2022 256GB,Apple,256 GB,,Apple A15 Bionic,4.7 inches,12 MP,,Liên hệ
Realme GT Neo 5 SE 12GB 256GB Box,Realme,256 GB,12 GB,Snapdragon 7+ Gen 2,6.74 inchs,64MP – 8MP – 2MP,5500 mAh,8490000
Xiaomi Redmi K40s (5G) 8GB 128GB Box,Xiaomi,128GB,8Gb,Qualcomm Snapdragon 870,6.67 inches,48MP + 8MP + 2MP,4500 mAh,8450000
ZTE Blade A54 4GB 64GB Chính Hãng,ZTE,64GB,4GB,Unisoc SC9863A,6.6 inches,13MP - 2MP,5000mAh,2090000
Oppo A16K 4GB 64GB Chính hãng,Oppo,64GB,4GB,MediaTek Helio G35,"IPS LCD, 6.52"", HD+",13 MP,4230 mAh,3690000
Xiaomi Redmi Note 12 5G 4GB 128GB,Xiaomi,128GB,4GB,Snapdragon 4 Gen 1,6.67 inches,"48 MP, (góc r?ng), 0.8µm, PDAF 2 MP, f/2.4, (d? sâu) Quay phim: 1080p@30/60fps",Li-Po 5000 mAh,4490000
Xiaomi PoCo M5 4GB 64GB Chính hãng,Xiaomi,64GB,4 GB,MediaTek Helio G99 (6nm),6.58 inches,"Camera góc r?ng: 50 MP, f/1.8, PDAF Camera macro: 2 MP, f/2.4 Camera góc sâu: 2 MP, f/2.4",Li-Po 5000 mAh,3990000
Samsung Galaxy Z Fold3 5G Chính Hãng,Samsung,256 GB,12 GB,Snapdragon 888 (5nm),"Màn ngoài: 6,23 inch - Màn trong: 7,6 inch","Tele: 12MP, F2.4",4400 mAh S?c nhanh 25W/S?c không dây 10W Chia s? Pin không dây,41990000
Xiaomi Redmi Note 12 8GB 128GB Chính Hãng,Xiaomi,128GB,8Gb,Qualcomm Snapdragon 685 (6 nm),6.67 inches,50MP - 8MP - 2MP,5000 mAh,5990000
Xiaomi Redmi Pad SE 6GB 128GB Chính Hãng,Xiaomi,128GB,6GB,Snapdragon 680 4G (6 nm),11.0 inches,8MP,Li-Po 8000 mAh,5990000
Realme 11 Pro (5G) 12GB 256GB Box,Realme,256 GB,12 GB,Dimensity 7050 (6 nm),6.7 inches,100MP - 2MP,5000 mAh,7590000
iPhone 14 Pro Max 1TB VNA  - T?ng BH roi v? vào nu?c,Apple,512GB,6GB,Apple A16 Bionic,6.7 inches,Camera chính: 48MP Camera góc siêu r?ng: 12MP Camera tele: 12MP,"4,352mAh",Liên hệ
Samsung Galaxy A73 (5G) 8GB 128GB Chính hãng,Samsung,128GB,8Gb,Snapdragon 778G 5G 8 nhân,6.7 inches,"Camera chính: 108 MP, f/1.8, PDAF, OIS Camera gó siêu r?ng: 12 MP, f/2.2 Camera macro: 5 MP, f/2.4 Camera chân dung: 5 MP, f/2.4",5000 mAh,Liên hệ
TECNO Spark 20 (8+8GB/128GB) - Chính Hãng ,Tecno,128GB,8GB,Helio G85 (12nm),6.6 inches,50MP - 0.08MP,5000mAh,3490000
Samsung Galaxy A04s (4G) 4GB 64GB chính hãng,Samsung,64GB,4GB,Exynos 850 (8nm),6.5 inches,13+2+2 MP,5000 mAh,3790000
Xiaomi Redmi Note 12S 8GB 256GB Chính Hãng,Xiaomi,256 GB,8Gb,MediaTek Helio G96 8 nhân,6.43 inch,108MP - 8MP - 2MP,5000 mAh,6990000
Xiaomi Poco X3 NFC 6GB 64GB Chính Hãng,Xiaomi,64GB,6GB,Qualcomm SM7150-AC Snapdragon 732G (8 nm),6.67 inches,64MP - 13MP - 2MP - 2MP,Li-Po 5160mAh,Liên hệ
Xiaomi Redmi K60 Pro (5G) 8GB 128GB Likenew Fullbox,Xiaomi,128 GB,8GB,Snapdragon 8 Gen 2 (4 nm),6.67 inches,"Camera góc r?ng: 54MP, f/1.9, 1/1.49"", 1.0µm, PDAF, OIS Camera góc siêu r?ng: 8MP, 118°, 1/4"", 1.12µm Camera macro: 2 MP, f/2.4",5000 mAh,Liên hệ
iPhone 14 Plus 256GB VNA - T?ng BH roi v? vào nu?c,Apple,256 GB,6 GB,Apple A15 Bionic,6.7 inches,Camera chính 12MP Camera góc siêu r?ng 12MP,,31990000
Xiaomi Redmi Note 14 (5G),Xiaomi,,,MediaTek Dimensity 8 nhân,"AMOLED, 6.67 inches, 120Hz",108 MP - 2 MP,5000 mAh,Liên hệ
Xiaomi Redmi K50 Ultra (5G) 12GB 512GB Box,Xiaomi,512 GB,12 GB,Qualcomm SM8475 Snapdragon 8+ Gen 1 (4 nm),6.67 inches,108MP - 8MP - 2MP,5000 mAh,11950000
Xiaomi Redmi Note 12 Pro (5G) 8GB 128GB Box,Xiaomi,128GB,8Gb,MediaTek Dimensity 1080 (6 nm),6.67 inches,50Mp + 8MP + 2MP,5000 mAh,7990000
Xiaomi Poco X4 Pro (5G) 6GB 128GB Chính hãng 99%,Xiaomi,128 GB,6 GB,Snapdragon 695 5G 8 nhân,"AMOLED, 6.67"", Full HD+","Chính 108 MP & Ph? 8 MP, 2 MP",5000 mAh,Liên hệ
Xiaomi Redmi Note 13 (5G) 8GB 256GB Box,Xiaomi,256GB,8GB,Mediatek Dimensity 6080 (6 nm),6.67 inches,100MP – 2MP,5000mAh,Liên hệ
Realme GT Neo 5 SE 12GB 512GB Box,Realme,512GB,12 GB,Snapdragon 7+ Gen 2,6.74 inchs,64MP – 8MP – 2MP,5500 mAh,8990000
Realme Q5 8GB 128GB Box,Realme,128GB,8Gb,Snapdragon 695 5G 8 nhân,6.6 inch,50MP + 2MP + 2MP,Li-Ion 5000mAh,Liên hệ
Xiaomi Redmi K60 Pro (5G) 12GB 256GB Box,Xiaomi,256 GB,12 GB,Snapdragon 8 Gen 2 (4 nm),6.67 inches,"Camera góc r?ng: 54MP, f/1.9, 1/1.49"", 1.0µm, PDAF, OIS Camera góc siêu r?ng: 8MP, 118°, 1/4"", 1.12µm Camera macro: 2 MP, f/2.4",5000 mAh,Liên hệ
Xiaomi 13T 12GB 256GB Likenew Fullbox,Xiaomi,256GB,12GB,Dimensity 8200 Ultra (4 nm),6.67 inches,50MP - 50MP - 12MP,5000 mAh,12990000
Samsung Galaxy A33 (5G) 8GB 128GB Chính hãng,Samsung,128 GB,8 GB,2 nhân 2.4 GHz & 6 nhân 2 GHz,6.4 inches,"Camera chính: 48 MP, F1.8 Camera góc siêu r?ng: 8 MP, F2.2 Camera macro: 5 MP, F2.4 Camera chân dung: 2.0 MP, F2.4",5000 mAh,8490000
Xiaomi 13 (5G) 8GB 256GB Box,Xiaomi,256 GB,8Gb,Snapdragon 8 GEN 2,6.36 inch,50MP – 10MP – 12MP,"Androi 13, MIUI 14",Liên hệ
ZTE Nubia Z50 Ultra 12GB 512GB Box,Nubia,512GB,12GB,Snapdragon 8 Gen 2 (4 nm),6.8 inches,64MP - 64MP - 50MP,Li-Po 5000 mAh,Liên hệ
Realme C61 (4G) Chính Hãng,Realme,64GB / 128GB,4GB,UNISOC T612,6.745inch,50MP,5000mAh,Liên hệ
Vivo iQOO Z9 Turbo 5G Box - BH 15 Tháng,Vivo,256GB,12GB/16GB,Snapdragon 8s Gen 3 (4 nm),"AMOLED HDR, 6.78 inches",50 MP - 8 MP,6000 mAh,8990000
Samsung Galaxy A03 Core 2GB 32GB Chính hãng,Samsung,32 GB,2 GB,Unisoc T606 8 nhân,6.5 inches,Chính 48 MP & Ph? 2 MP,5000 mAh,2990000
ZTE Nubia Red Magic 9 Pro 12GB 256GB Box,ZTE Nubia,256GB,12GB,Snapdragon 8 Gen 3 (4 nm),6.8 inches,50MP - 50MP - 2MP,6500 mAh,19990000
Xiaomi Redmi K40s (5G) 12GB 256GB,Xiaomi,256 GB,12 GB,Qualcomm Snapdragon 870,6.67 inches,48MP + 8MP + 2MP,4500 mAh,7990000
Realme GT Neo 6 SE (5G) Box - B?o Hành 15 tháng,realme,256GB/ 512GB,8GB/ 12GB/ 16GB,Octa-core (1x2.8 GHz Cortex-A715 & 4x2.6 GHz Cortex-A715 & 3x1.9 GHz Cortex-A510),6.78 inches,50 MP - 8 MP,5500 mAh,7950000
Xiaomi Redmi K60 Ultra (5G) 16GB 512GB Box,Xiaomi,512GB,16GB,Mediatek Dimensity 9200+ (4 nm),6.67 inches,50Mp + 8MP + 2MP,5000 mAh,Liên hệ
Realme Narzo 50i 4GB 64GB Chính hãng,Realme,64GB,4GB,Octa-core 1.6 GHz,6.5 inches,8.0 MP,5000 mAh,3190000
iPhone 14 Pro Max 256GB VNA - T?ng BH roi v? vào nu?c,Apple,256 GB,6GB,Apple A16 Bionic,6.7 inches,Camera chính: 48MP Camera góc siêu r?ng: 12MP Camera tele: 12MP,"4,352mAh",Liên hệ
Realme Q5 8GB 256GB Box,Realme,256 GB,8Gb,Snapdragon 695 5G 8 nhân,6.6 inch,50MP + 2MP + 2MP,Li-Ion 5000mAh,Liên hệ
Samsung Galaxy A14 (4G) 4GB 128GB Chính Hãng,Samsung,128GB,4GB,Chip Exynos 850,6.6 inch,50MP - 5MP - 2MP,Li-Po 5000 mAh,Liên hệ
Xiaomi Redmi Note 12 Turbo 8GB 256GB Box,Xiaomi,256 GB,8Gb,Snapdragon 7+ Gen 2,6.67 inches,64MP – 8MP – 2MP,Li-Po 5000 mAh,7990000
iPhone 14 Plus 128GB VNA - T?ng BH roi v? vào nu?c,Apple,128GB,6 GB,Apple A15 Bionic,6.7 inches,Camera chính 12MP Camera góc siêu r?ng 12MP,,28990000
Realme 11 Pro (5G) 8GB 256GB Box,Realme,256 GB,8Gb,Dimensity 7050 (6 nm),6.7 inches,100MP - 2MP,5000 mAh,6990000
Samsung Galaxy S24 Plus (5G) 12GB 256GB Chính Hãng,Samsung,256GB,12GB,Exynos 2400,6.7 inches,50MP - 10MP - 12MP,4900 mAh,26990000
iPhone 14 Pro Max 128GB VNA  - T?ng BH roi v? vào nu?c,Apple,128GB,6GB,Apple A16 Bionic,6.7 inches,Camera chính: 48MP Camera góc siêu r?ng: 12MP Camera tele: 12MP,"4,352mAh",Liên hệ
Xiaomi Redmi 12 (4G) 8GB 128GB Chính Hãng,Xiaomi,128GB,8Gb,Mediatek Helio G88 (12nm),6.79 inchs,50MP - 8MP - 2MP,5000 mAh,4990000
Samsung Galaxy Z Fold6 (5G) 12GB 256GB Chính Hãng,Samsung,512GB,12GB,Snapdragon 8 Gen 3 (4 nm),"Màn ngoài: 6,3 inch - Màn trong: 7,6 inch",50MP - 10MP - 12MP,4400 mAh,43990000
Xiaomi Mix Fold3 12GB 256GB Box,Xiaomi,256GB,12GB,Snapdragon 8 Gen 2 (4 nm),8.03 inches (màn hình m?) - 6.56 inches (màn hình ngoài),50MP - 10MP - 10MP - 12MP,Li-Po 4800 mAh,34990000
Xiaomi Redmi K70E 8GB 256GB Box,Xiaomi,256GB,8GB,Dimensity 8300 Ultra (4 nm),6.67 inches,64MP - 8MP - 2MP,5500 mAh,9990000
Xiaomi Redmi K60e (5G) 12GB 256GB Box,Xiaomi,256 GB,8Gb,Mediatek Dimensity 8200 (4 nm),6.67 inches,Triple cam (48MP + 2MP + 2MP),5500 mAh,10990000
Samsung Galaxy Z Flip6 (5G) 12GB 512GB Chính Hãng,Samsung,512GB,12GB,Snapdragon 8 Gen 3 (4 nm),"Màn ngoài: 3,4 inch - Màn Trong: 6,7 inch",50MP - 12MP,"4000 mAh,",32990000
Xiaomi Redmi Note 10S 8Gb 128GB Chính hãng,XIAOMI,128 GB,8Gb,MediaTek Helio G95,6.43 inches,4 cam (64MP + 8MP +2MP + 2MP),Li-Po 5000mAh,Liên hệ
Xiaomi Redmi K60 (5G) 12GB 256GB Box,Xiaomi,256 GB,12 GB,Qualcomm SM8475 Snapdragon 8+ Gen 1 (4 nm),6.67 inches,"Camera góc r?ng: 64MP, f/1.8, 1/2"", 0,7µm, PDAF, OIS Camera góc siêu r?ng: 8MP, 120°, 1/4"", 1,12µm Camera macro: 2MP, f/2.4",5500 mAh,12990000
Xiaomi Redmi Note 13 Pro (5G) 12GB 512GB Box,New,512GB 1,12GB,Snapdragon 7s Gen 2,6.67 inches,200MP + 8MP + 2MP,5100mAh,6990000
Xiaomi Redmi Note 12 Pro Plus 12GB 256GB Likenew Fullbox,Xiaomi,256GB,12GB,Dimensity 1080 (6 nm),6.67 inches,200MP - 8MP - 2MP,5000 mAh,8990000
Xiaomi Redmi 12C 4GB 64GB Chính Hãng,Xiaomi,64GB,4GB,MediaTek MT6769Z Helio G85 (12nm),6.71 inches,50MP,5000 mAh,Liên hệ
Nokia 5710 Xpress Audio,Nokia,128 MB,,Unisoc T107 (22 nm),2.4 inches,0.3 MP,Li-Ion 1450 mAh Th?i gian da`m tho?i trên di?n tho?i lên d?n 6 ti?ng v?i 4G Tai nghe earbuds lên d?n 2.4 ti?ng da`m tho?i va` d?n 4 ti?ng nghe nh?c,1790000
Samsung Galaxy A03s 4GB 64GB Chính hãng,Samsung,64 GB,4GB,Mediatek Helio P35,"6,4 inches","Camera xóa phông: 2 MP, f/2.4, (depth)",Li-Po 5000mAh,3690000
Realme GT Neo 3 12GB 256GB (150W) Box,Realme,256 GB,12 GB,MediaTek Dimensity 8100 (5 nm),6.7 inches,50Mp + 8MP + 2MP,5000 mAh,7190000
Samsung Galaxy A24 (4G) 8GB 128GB Chính Hãng,Samsung,128GB,6GB,Mediatek MT8781 Helio G99 (6nm),6.5 inches,50MP - 5MP - 2MP,5000mAh,6990000
iPhone 12 64GB Chính hãng VN/A - T?ng BH roi v? vào nu?c,Apple,64 GB,4 GB,Apple A14 Bionic (5nm),6.1 inch,Dual 12 MP,Li-Ion 2815 mAh,Liên hệ
Xiaomi Pad 6s Pro Box- B?o hành 15 Tháng,Xiaomi,128GB/ 256GB,8GB/ 12GB,Snapdragon 8 Gen 2 (4 nm),"IPS LCD,12.4 inches",50 MP - 2 MP,10000 mAh,17900000
Samsung Galaxy A05 (4G) 4GB 64GB Chính Hãng,Samsung,64GB,4GB,Helio G85,6.7 inches,50MP - 2MP,5000 mAh,3090000
Samsung Galaxy A05S (4G) 4GB 128GB Chính Hãng,Samsung,128GB,4GB,Snapdragon 680 4G,6.7 inches,50MP - 2MP - 2MP,5000mAh,3990000
ZTE nubia Red Magic 8S Pro Plus 16GB 512GB Box,ZTE Nubia,512GB,16GB,ualcomm SM8550-AB Snapdragon 8 Gen 2 (4 nm),6.8 inches,50MP - 8MP - 2MP,5000mAh,21990000
Oppo Reno 8Z (5G) 8GB 256GB Chính Hãng,Oppo,256 GB,8Gb,Qualcomm SM6375 Snapdragon 695 5G (6 nm),6.43 inch,64MP - 2MP - 2MP,4500 mAh,10490000
Xiaomi Poco C65 6GB 128GB Chính Hãng ,Xiaomi,128GB,6GB,Helio G85 (12nm),6.74 inches,50MP - 2MP - 0.08MP,Li-Po 5000 mAh,Liên hệ
Samsung Galaxy S23 (5G) 8GB 256GB Chính Hãng,Samsung,256 GB,8Gb,Qualcomm SM8550 Snapdragon 8 Gen 2 (4 nm),6.1 inch,50MP - 10MP - 12MP,3900 mAh,24990000
INOI A72 (4G) 4GB 128GB Chính Hãng,INOI,128GB,4GB,Unisoc T310,"6,5 inches",13MP - 2MP - 2MP,5000mAh,2990000
Xiaomi Redmi K70 12GB 256G Box,Xiaomi,256GB,12GB,Snapdragon 8 Gen 2 (4 nm),6.67 inches,50MP - 8MP - 2MP,5000mAh,12990000
Xiaomi Redmi K60 Ultra (5G) 12GB 256GB Likenew FullBox,Xiaomi,256 GB,12 GB,Mediatek Dimensity 9200+ (4 nm),6.67 inches,50Mp + 8MP + 2MP,5000 mAh,10990000
TECNO Camon 30 (12+12GB/256GB) - Chính Hãng,Tecno,256GB,8GB,Mediatek Helio G99 Ultimate,"AMOLED 6,78 inch",50 MP - 2 MP,5000 mAh,6990000
Xiaomi Redmi Note 12 Pro 8GB 256GB Chính Hãng,Xiaomi,256 GB,8Gb,Qualcomm SM7150 Snapdragon 732G (8 nm),6.67 inches,108MP - 2MP - 2MP - 2MP,5000 mAh,7990000
iPhone 13 128GB chính hãng VN/A - T?ng BH roi v? vào nu?c,iPhone,128 GB,,Apple A15,"6,1 inches","Camera góc siêu r?ng: 12MP, ƒ/2.4",3240mAh,24490000
Samsung Galaxy A32 6GB 128GB Chính hãng,Samsung,128 GB,6GB,Mediatek Helio G80,6.4 inches,4 cam (64MP + 8MP + 5MP + 5MP),Li-lon 5000 mAh,Liên hệ
Samsung Galaxy S22 Ultra (5G) 12GB 256GB Chính hãng,Samsung,256 GB,12 GB,Snapdragon 8 Gen 1 8 nhân,"6,8 inches",4 cam (108MP + 12MP + 10MP + 10 MP),Li-Po 5000mAh,33990000
Xiaomi 12 8GB 256GB Chính Hãng,Xiaomi,256 GB,8 GB,Snapdragon 8 Gen 1 8 nhân,6.28 inches,"Camera chính góc r?ng: 50 MP, f/1.9, PDAF, OIS Camera góc siêu r?ng: 13 MP, f/2.4 Camera macro: 5 MP, AF",4500 mAh,Liên hệ
iPhone SE 3 2022 64GB,Apple,64 GB,,Apple A15 Bionic,4.7 inches,12 MP,,Liên hệ
Xiaomi Redmi K70 Pro 16GB 512GB Box,Xiaomi,512GB,16G6,Snapdragon 8 Gen 3 (4 nm),6.67 inches,50MP - 50MP - 12MP,5000 mAh,19990000
Samsung Galaxy A25 (5G) 6GB 128GB Chính Hãng ,Samsung,128GB,6GB,Exynos 1280 (5 nm),6.5 inches,50MP - 8MP - 2MP,5000 mAh,6590000
Nokia 105 DS (2019) – S?n ph?m chính hãng,NOKIA,4GB,4GB,,"1.77"", QQVGA, TFT, 120 x 160 Pixel",,800 mAh,420000
Samsung Galaxy S24 Ultra (5G) 12GB 512GB Chính Hãng,Samsung,512GB,12GB,Snapdragon 8 Gen 3 (4 nm),6.8 inches,200MP - 50MP - 10MP - 12MP,5000 mAh,37490000
Xiaomi Redmi Note 11 Pro (5G) 8GB 128GB Chính hãng,XIAOMI,128GB,8 GB,Snapdragon 695 5G 8 nhân,6.67 inches,"Chính 108 MP & Ph? 8 MP, 2 MP",5000 mAh,8990000
Xiaomi 11 Lite (5G) 8GB 128GB Chính Hãng,Xiaomi,128GB,8Gb,Qualcomm SM7350-AB Snapdragon 780G (5 nm),6.55 inch,,4250mAh,Liên hệ
Xiaomi 14 Ultra 16GB 512GB Chính Hãng,Xiaomi,512GB,12GB/ 16GB,Snapdragon 8 Gen 3,LTPO OLED 6.73 inches,50 MP - 50 MP - 50 MP - 50 MP,5000 mAh,32990000
Xiaomi Redmi Note 13 Pro (4G) 8GB 128GB Chính Hãng ,Xiaomi,128GB,8GB,Mediatek Helio G99 Ultra,6.67 inches,200MP - 8MP - 2MP,5000 mAh,7290000
Xiaomi Redmi 13C 6GB 128GB Chính Hãng,Xiaomi,128GB,6GB,Mediatek MT6769Z Helio G85 (12nm),6.74 inches,50MP - 2MP - 0.08MP,5000mAh,3490000
Samsung Galaxy S23 Plus (5G) 8GB 512GB Chính Hãng,Samsung,512GB,8Gb,Qualcomm SM8550 Snapdragon 8 Gen 2 (4 nm),6.6 inch,50MP - 10MP - 12MP,4700 mAh,29990000
Realme C51 Chính Hãng,Realme,64GB,3GB,Unisoc Tiger T612 (12 nm),6.74 inches,50MP - 0.0MP,5000 mAh,3990000
Samsung Galaxy A33 (5G) 6GB 128GB Chính hãng,Samsung,128 GB,6GB,2 nhân 2.4 GHz & 6 nhân 2 GHz,6.4 inches,"Camera chính: 48 MP, F1.8 Camera góc siêu r?ng: 8 MP, F2.2 Camera macro: 5 MP, F2.4 Camera chân dung: 2.0 MP, F2.4",5000 mAh,8490000
Samsung Galaxy A04 (4G) 3GB 32GB Chính hãng,Samsung,32 GB,3 GB,Helio P35,6.5 inches,50MP + 2MP,5000 mAh,Liên hệ
Realme GT Neo 5 SE 16GB 1TB Box,Realme,1TB,16 GB,Snapdragon 7+ Gen 2,6.74 inchs,64MP – 8MP – 2MP,5500 mAh,9990000
"Google Pixel 8 - Nguyên b?n, Tr? góp 0%, Khuy?n mãi 1% KH cu",Google,128GB,8Gb,Google Tensor G3,6.1 inch,50MP,4485 mAh,Liên hệ
Xiaomi Redmi K70 Pro 12GB 256GB Box,Xiaomi,256GB,12GB,Snapdragon 8 Gen 3 (4 nm),6.67 inches,50MP - 50MP - 12MP,5000 mAh,15990000
Xiaomi Redmi Note 14 Pro (5G) ,Xiaomi,128GB/ 256GB/ 512GB,8GB/ 12GB/ 16GB,Qualcomm Snapdragon 7xx 8 nhân,"AMOLED, 6.67 inches, 120Hz",200 MP - 8 MP - 2 MP,5500 mAh,Liên hệ
BPhone A40 4GB 64GB Chính hãng,BPhone,64 GB,4GB,Helio G85,"6,7 icnhes",4 cam ( 16Mp + 2Mp + 5Mp + 2Mp ),"Pin 5.000 mAh, s?c nhanh 18 W",4490000
Oppo A16K 3GB 32GB Chính hãng,Oppo,32 GB,3 GB,MediaTek Helio G35,"IPS LCD, 6.52"", HD+",13 MP,4230 mAh,3690000
Realme C67 (4G) 8GB 128GB Chính Hãng,realme,128GB,8GB,Qualcomm SM6225 Snapdragon 685 (6 nm),"IPS LCD, 6.72 inches",108 MP - 2 MP,5000 mAh,4990000
Samsung Galaxy A35 (5G) 8GB 128GB Chính Hãng ,Samsung,128GB,8GB,Exynos 1380 (5 nm),6.6 inches,50MP - 8MP - 5MP,5000 mAh,8290000
Xiaomi 13 Lite 8GB 128GB Chính Hãng,Xiaomi,128GB,8Gb,Snapdragon 7 Gen 1 (4 nm),6.55 inch,50Mp + 8MP + 2MP,4500 mAh,10990000
TECNO Pova 5 (8+8GB/128GB) - Chính Hãng,Tecno,128GB,8Gb,MediaTek Helio G99 (6nm),6.78 inchs,50MP,6000 mAh,4990000
Xiaomi Redmi Note 12 (5G) 8GB 128GB Box,Xiaomi,128GB,8 GB,Snapdragon 4 Gen 1,6.67 inches,"48 MP, (góc r?ng), 0.8µm, PDAF 2 MP, f/2.4, (d? sâu) Quay phim: 1080p@30/60fps",Li-Po 5000 mAh,5490000
Xiaomi 13 (5G) 8GB 128GB Box,Xiaomi,128GB,8Gb,Snapdragon 8 GEN 2,6.36 inch,50MP – 10MP – 12MP,"Androi 13, MIUI 14",11990000
Xiaomi Redmi 10A 2GB 32GB Chính hãng,Xiaomi,32 GB,2 GB,MediaTek Helio G25,6.53 inches,"13MP , f/2.2 Camera c?m bi?n d? sâu: 2MP, f/2.4",5000 mAh,Liên hệ
iPhone SE 3 2022 128GB,Apple,128GB,,Apple A15 Bionic,4.7 inches,12 MP,,Liên hệ
ZTE nubia Red Magic 8S Pro Plus 16GB 256GB Box,ZTE Nubia,256GB,16GB,ualcomm SM8550-AB Snapdragon 8 Gen 2 (4 nm),6.8 inches,50MP - 8MP - 2MP,5000mAh,19990000
Xiaomi Redmi K60e (5G) 12GB 512GB Box,Xiaomi,512 GB,12 GB,Mediatek Dimensity 8200 (4 nm),6.67 inches,Triple cam (48MP + 2MP + 2MP),5500 mAh,10990000
iPhone 14 Pro Max 512GB VNA  - T?ng BH roi v? vào nu?c,Apple,512GB,6GB,Apple A16 Bionic,6.7 inches,Camera chính: 48MP Camera góc siêu r?ng: 12MP Camera tele: 12MP,"4,352mAh",Liên hệ
Xiaomi Redmi K60 Ultra (5G) 12GB 256GB Box,Xiaomi,256 GB,12 GB,Mediatek Dimensity 9200+ (4 nm),6.67 inches,50Mp + 8MP + 2MP,5000 mAh,Liên hệ
Xiaomi Redmi 13 (4G) 6GB 128GB Chính Hãng ,Xiaomi,128GB,6GB,Mediatek Helio G91 Ultra,"IPS LCD, 6.79 inches",108 MP - 2 MP,5030 mAh,4990000
Samsung Galaxy A14 (4G) 6GB 128GB Chính Hãng,Samsung,128GB,6GB,Chip Exynos 850,6.6 inch,50MP - 5MP - 2MP,Li-Po 5000 mAh,Liên hệ
Samsung Galaxy A03s 3GB 32GB Chính hãng,Samsung,32 GB,3 GB,Mediatek Helio P35,"6,4 inches","Camera xóa phông: 2 MP, f/2.4, (depth)",Li-Po 5000mAh,3390000
TECNO Spark Go 2024 (3+3GB/64GB) - Chính Hãng,Tecno,64GB,3GB,Unisoc T606 (12 nm),6.6 inches,"13MP - 0,08MP",5000 mAh,1990000
Xiaomi Redmi K50 Ultra (5G) 12GB 256GB Box,Xiaomi,256 GB,12 GB,Qualcomm SM8475 Snapdragon 8+ Gen 1 (4 nm),6.67 inches,108MP - 8MP - 2MP,5000 mAh,11950000
Xiaomi Redmi Note 13 (5G) 6GB 128GB Box - BH 15 Tháng,Xiaomi,128GB,6GB,Mediatek Dimensity 6080 (6 nm),6.67 inches,100MP – 2MP,5000mAh,4990000
Samsung Galaxy S22 Ultra (5G) 8GB 128GB Chính hãng,Samsung,128 GB,8Gb,Snapdragon 8 Gen 1 8 nhân,"6,8 inches",4 cam (108MP + 12MP + 10MP + 10 MP),Li-Po 5000mAh,30990000
Nokia C30 3Gb 32Gb – S?n ph?m chính hãng,NOKIA,32 GB,3 GB,SC9863A 8 nhân 1.6GHz,6.82 inches,13MP AF + 2MP FF C?m biê´n d? sâu,6000 mAh,3290000
Oppo Reno 7 Z (5G) 8GB 128GB Chính hãng,Oppo,128 GB,8 GB,Snapdragon 695 5G 8 nhân,6.43 inches,"C?m 3 camera Chính 64 MP & Ph? 2 MP, 2 MP","4,500 mAh",10490000
Xiaomi Pad 6 Pro 8GB 128GB Box,Xiaomi,128GB,8Gb,Snapdragon 8+ Gen 1 (4 nm),11 inches,50MP - 2MP,8600 mAh,9990000
Samsung Galaxy A33 (5G) 8GB 128GB Chính hãng cu,Samsung,128 GB,8 GB,2 nhân 2.4 GHz & 6 nhân 2 GHz,6.4 inches,"Camera chính: 48 MP, F1.8 Camera góc siêu r?ng: 8 MP, F2.2 Camera macro: 5 MP, F2.4 Camera chân dung: 2.0 MP, F2.4",5000 mAh,8490000
Samsung Galaxy A54 (5G) 8GB 128GB Chính Hãng,Samsung,128GB,8Gb,Exynos 1380,6.4 inches,50MP -12MP - 5MP,5000 mAh,10490000
Realme GT Neo 5 (240W) 16Gb 1TB Box,Realme,1 TB,16 GB,Qualcomm SM8475 Snapdragon 8+ Gen 1 (4 nm),6.74 inchs,50Mp + 8MP + 2MP,5000 mAh,Liên hệ
Xiaomi Redmi K70 16GB 256G Box,Xiaomi,256GB,12G6,Snapdragon 8 Gen 2 (4 nm),6.67 inches,50MP - 8MP - 2MP,120W,12990000
Samsung Galaxy Z Fold6 (5G) 12GB 1TB Chính Hãng,Samsung,1TB,12GB,Snapdragon 8 Gen 3 (4 nm),"Màn ngoài: 6,3 inch - Màn trong: 7,6 inch",50MP - 10MP - 12MP,4400 mAh,54990000
Xiaomi Redmi Note 13 8GB 256GB Chính Hãng,Xiaomi,256GB,8GB,Qualcomm Snapdragon 685,"6,67 inches",108MP - 8MP - 2MP,5000 mAh,5990000
Xiaomi Redmi K60e (5G) 8GB 128GB Box,Xiaomi,128GB,8Gb,Mediatek Dimensity 8200 (4 nm),6.67 inches,Triple cam (48MP + 2MP + 2MP),5500 mAh,10990000
iPhone 12 128GB Chính hãng VN/A - T?ng BH roi v? vào nu?c,Apple,128 GB,4 GB,Apple A14 Bionic (5nm),6.1 inch,Dual 12 MP,Li-Ion 2815 mAh,21600000
Xiaomi Redmi Note 13 (5G) 12GB 256GB Box,Xiaomi,256GB,12GB,Mediatek Dimensity 6080 (6 nm),6.67 inches,100MP – 2MP,5000mAh,6990000
Realme GT Neo 5 16Gb 1TB Box,Realme,1 TB,16 GB,Qualcomm SM8475 Snapdragon 8+ Gen 1 (4 nm),6.74 inchs,50Mp + 8MP + 2MP,5000 mAh,Liên hệ
Xiaomi Poco X5 Pro (5G) 6GB 128GB Chính Hãng,Xiaomi,128GB,6GB,Qualcomm SM7325 Snapdragon 778G 5G (6 nm),6.67 inches,108MP - 8MP - 2MP,5000 mAh,8990000
Xiaomi Redmi Note 13 Pro (5G) 8GB 128GB Box,Xiaomi,128GB,8GB,Snapdragon 7s Gen 2,6.67 inches,200MP + 8MP + 2MP,5100mAh,6990000
Samsung Galaxy Z Flip4 (5G) 128GB Chính hãng,Samsung,128 GB,8 GB,Snapdragon 8+ Gen 1 (4 nm),6.7 inches,"Camera góc r?ng: 12 MP, f/1.8, PDAF, OIS Camera góc siêu r?ng: 12 MP, f/2.2, 123°",3700 mAh,25990000
ZTE nubia Red Magic 8S Pro 12GB 256GB Box,Nubia,256GB,8GB,Snapdragon 8 Gen 2 (4 nm),6.8 inches,50MP - 8MP - 2MP,"Li-Po 6000 mAh,",16990000
Xiaomi Redmi Note 13 Pro (4G) 8GB 256GB Chính Hãng ,Xiaomi,256GB,8GB,Mediatek Helio G99 Ultra,6.67 inches,200MP - 8MP - 2MP,5000 mAh,7990000
Xiaomi Pad 6 8GB 128GB Box,Xiaomi,128GB,8GB,Qualcomm SM8250-AC Snapdragon 870 5G (7 nm),11 inchs,13MP,8840mAh,7590000
Xiaomi 13 Pro (5G) 8GB 128GB Box,Xiaomi,128GB,8Gb,Snapdragon 8 Gen 2 (4 nm),6.73 inch,50MP + 50MP + 50MP,4820mAh,19990000
Samsung Galaxy Z Flip4 (5G) 256GB Chính hãng,Samsung,256 GB,6GB + M? r?ng 5GB,Snapdragon 8+ Gen 1 (4 nm),6.7 inches,"Camera góc r?ng: 12 MP, f/1.8, PDAF, OIS Camera góc siêu r?ng: 12 MP, f/2.2, 123°",3700 mAh,23990000
Xiaomi Redmi Note 13 8GB 128GB Chính Hãng,Xiaomi,128GB,8GB,Qualcomm Snapdragon 685,"6,67 inches",108MP - 8MP - 2MP,5000 mAh,5290000
iPhone 11 128GB Chính hãng VN/A - T?ng BH roi v? vào nu?c,Apple,128 GB,4 GB,Apple A13 Bionic (7 nm+),6.1 inch,Dual 12 MP,Li-Ion 3110mAh,21690000
Samsung Galaxy S22 Plus (5G) 8GB 256GB Chính hãng,Samsung,256 GB,8Gb,Snapdragon 8 Gen 1 8 nhân,6.6 inch,50MP – 10MP – 12MP,Li-Po 4800mAh,27490000
Oppo Reno 12F (5G) Chi´nh Ha~ng,oppo,256GB,12GB,Mediatek Dimensity 6300 (6 nm),"AMOLED, 6.67 inches, 120Hz",50MP - 8MP - 2MP,5000 mAh,9490000
TECNO Camon 20 Pro (8+8GB/256GB) - Chính Hãng,Tecno,256GB,8GB,Mediatek MT8781 Helio G99 (6nm),6.67 inches,64MP - 2MP,Li-Po 5000 mAh,4990000
Samsung Galaxy A23 (5G) 4GB 128GB Chính hãng,Samsung,128GB,4 GB,Qualcomm SM6375 Snapdragon 695 5G (6 nm),6.6 inches,50MP + 5MP + 2MP + 2MP,"5000 mAh, 25 W",6690000
Realme 10 Pro Plus 8GB 128GB Box,Realme,128GB,8Gb,MediaTek Dimensity 1080 (6 nm),6.7 inches,108MP - 8MP - 2MP,5000 mAh,Liên hệ
Samsung Galaxy Z Flip5 8GB 512GB Chính Hãng,Samsung,512 GB,8Gb,Snapdragon 8 Gen 2 for Galaxy,6.7 inches,12MP - 12MP,3700 mAh,29990000
Nokia G11 Plus 3GB 64GB Chính hãng,Nokia,64GB,3 GB,Unisoc T606,6.52 inches,"AI 50MP AF, f/1.8+ 2MP, c?m bi?n d? sâu tru?ng ?nh",5000mAh3 pin li?n,3590000
Xiaomi Redmi Note 11S 8GB 128GB Chính hãng,XIAOMI,128GB,8 GB,MediaTek Helio G96 8 nhân,"AMOLED, 6.43"", Full HD+","Chính 108 MP & Ph? 8 MP, 2 MP, 2 MP","5000 mAh,33 W",Liên hệ
Google Pixel 8 Pro Fullbox Qu?c T?,Google,128GB,12 GB,Google Tensor G3,6.7 inches,Triple (50MP + 64MP + 48MP),4950,25990000
Xiaomi Redmi Note 13 Pro (5G) 12GB 256GB Box,Xiaomi,256GB,12GB,Snapdragon 7s Gen 2,6.67 inches,200MP + 8MP + 2MP,5100mAh,6590000
iPhone 14 Pro 512GB VNA - T?ng BH roi v? vào nu?c,Apple,512GB,6GB,Apple A16 Bionic,6.1 inch,Camera chính: 48MP Camera góc siêu r?ng: 12MP Camera tele: 12MP,"3,200mAh",Liên hệ
Xiaomi Redmi Note 12 4GB 128GB Chính Hãng,Xiaomi,128GB,4GB,Qualcomm Snapdragon 685 (6 nm),6.67 inches,50MP - 8MP - 2MP,5000 mAh,4990000
iNoi 244 (4G) Chính Hãng,iNoi,128MP,48MP,Unisoc T107,"2,4 inch",0.08MP,1200mAh,Liên hệ
Samsung Galaxy Z Flip6 (5G) 12GB 256GB Chính Hãng,Samsung,256GB,8GB,Snapdragon 8 Gen 3 (4 nm),"Màn ngoài: 3,4 inch - Màn Trong: 6,7 inch",50MP - 12MP,"4000 mAh,",28990000
Xiaomi Redmi Note 12 Pro (5G) 12GB 256GB Box,Xiaomi,256 GB,12 GB,MediaTek Dimensity 1080 (6 nm),6.67 inches,50Mp + 8MP + 2MP,5000 mAh,Liên hệ
Xiaomi 13 Pro (5G) 8GB 256GB Box,Xiaomi,256 GB,8Gb,Snapdragon 8 Gen 2 (4 nm),6.73 inch,50MP + 50MP + 50MP,4820mAh,Liên hệ
Xiaomi Redmi A3 Chính Hãng - B?o Hành 18 Tháng,Xiaomi,64GB,3GB,Mediatek Helio G36 (12 nm),"6.71inch, IPS LCD, 90Hz, 500 nits",8MP - 0.08MP,5000mAh,Liên hệ
Xiaomi Redmi Note 13 Pro Plus (5G) 12GB 256GB Box,Xiaomi,256GGB,12GB,Dimensity 7200 Ultra (4 nm),6.67 inches,200MP - 8MP - 2MP,5000 mAh,7990000
Oscal Tiger 12 12GB 256GB Chính Hãng,Oscal,256GB,12GB,MediaTek Helio G99,6.78 inch,64MP - 2MP,5000mAh,4590000
Samsung Galaxy S24 Plus (5G) 12GB 512GB Chính Hãng,Samsung,512GB,12GB,Exynos 2400,6.7 inches,50MP - 10MP - 12MP,4900 mAh,30490000
TECNO Pova 4 (4G) (8+8GB/128GB) - Chính Hãng,Tecno,128GB,8 GB,Mediatek MT8781 Helio G99 (6nm),"6,82 inchs",50MP,6000 mAh,4490000
Xiaomi Redmi Note 12 Turbo 12GB 512GB Box,Xiaomi,512 GB,12 GB,,6.67 inches,64MP – 8MP – 2MP,5000 mAh,7990000
Samsung Galaxy S24 (5G) 8GB 256GB Chính Hãng,Samsung,256GB,8GB,Exynos 2400,6.2 inches,50MP - 10MP - 12MP,4000 mAh,22990000
Oppo A95 8GB 128GB Chính hãng,OPPO,128 GB,8 GB,Qualcomm® Snapdragon™ 662,6.43 inches,"Camera chính: 48MP, f/1.7, AF Camera chân dung: 2MP, f/2.4 Camera macro: 2MP, f/2.4",5000 mAh,6990000
Xiaomi Redmi 9A 2GB 32GB Chính hãng,XIAOMI,32 GB,2GB,MediaTek Helio G25 8 nhân,6.53 inches,13 MP,Li-Po 5000mAh,Liên hệ
Xiaomi Redmi A1 2GB 32GB Chính hãng,Xiaomi,32 GB,2 GB,MediaTek MT6761 (Helio A22),6.52 inches,Chính 8MP & Ph? QVGA,5000 mAh,2190000
OPPO Reno6 (5G) 6GB 128GB Chính hãng,Oppo,128 GB,8Gb,MediaTek Dimensity 900 5G,6.43 inches,"Chính 64 MP & Ph? 8 MP, 2 MP","4300 mAh, 65 W",12990000
Realme 10 Pro Plus 8GB 256GB Box,Realme,256 GB,8Gb,MediaTek Dimensity 1080 (6 nm),6.7 inches,108MP - 8MP - 2MP,5000 mAh,Liên hệ
Oppo A57 4GB 128GB Chính Hãng,Oppo,128GB,4GB,Mediatek MT6765G Helio G35 (12 nm),6.56 inch,13MP – 2MP,5000 mAh,4490000
BPhone A50 chính hãng,BPhone,128GB,4GB,Helio G85,"6,7 icnhes",4 cam ( 16Mp + 2Mp + 5Mp + 2Mp ),"Pin 5.000 mAh, s?c nhanh 18 W",Liên hệ
Realme C55 (4G) 6GB 128GB Chính Hãng,Realme,128GB,6 GB,Mediatek Helio G88 (12nm),6.72 inchs,64MP - 2MP,,4990000
Xiaomi Redmi 12 (4G) 4GB 128GB Chính Hãng,Xiaomi,128GB,4GB,Mediatek Helio G88 (12nm),6.79 inchs,50MP - 8MP - 2MP,5000 mAh,3990000
Xiaomi Redmi Note 13 Pro (5G) 8GB 256GB Chính Hãng,Xiaomi,256GB,8GB,Snapdragon 7s Gen 2,6.67 inches,200MP + 8MP + 2MP,5100mAh,9990000
Xiaomi 13 (5G) 8GB 256GB Chính Hãng,Xiaomi,256 GB,8Gb,Snapdragon 8 GEN 2,6.36 inch,50MP – 10MP – 12MP,"Androi 13, MIUI 14",Liên hệ
TECNO Camon 30 (8+8GB/256GB) - Chính Hãng,Tecno,256GB,8GB,Mediatek Helio G99 Ultimate,"AMOLED 6,78 inch",50 MP - 2 MP,5000 mAh,6490000
Xiaomi Redmi Turbo 3 Box - B?o hành 15 Tháng,Xiaomi,256GB,12GB,Snapdragon 8s Gen 3 (4 nm),"6.67inch AMOLED, 68B màu, 120Hz,",50MP - 8MP - 2MP,5000mAh,8490000
Samsung Galaxy S23 Ultra (5G) 12GB 512GB Chính Hãng,Samsung,512GB,12 GB,Qualcomm SM8550 Snapdragon 8 Gen 2 (4 nm),6.8 inches,200MP - 10MP - 10MP,5000 mAh,36990000
Xiaomi 13 Ultra 12GB 256GB Box,Xiaomi,256GB,12GB,Qualcomm SM8550-AB Snapdragon 8 Gen 2 (4 nm),6.73 inchs,50MP - 50MP - 50MP - 50MP,Li-Po 5000 mAh,20990000
BPhone A60 chính hãng,BPhone,128GB,6GB,Helio G85,"6,7 icnhes",4 cam ( 16Mp + 2Mp + 5Mp + 2Mp ),"Pin 5.000 mAh, s?c nhanh 18 W",6490000
Oppo A55 4GB 64GB Chính hãng,OPPO,64 GB,4GB,MediaTek Helio G35,6.5 inches,"Camera góc r?ng: 50 MP, f/2.2, 25mm 1/3.06"", 1.12µm, PDAF Camera c?n c?nh: 2 MP, f/2.4 Camera xóa phông: 2 MP, f/2.4",Li-Po 5000 mAh,4990000
Samsung Galaxy A03 (4G) 3GB 32GB Chính hãng,Samsung,32 GB,3 GB,Unisoc T606 8 nhân,6.5 inches,Chính 48 MP & Ph? 2 MP,5000 mAh,2990000
Oppo Reno 8T (5G) 8GB 128Gb Chính Hãng,Oppo,128GB,8Gb,Qualcomm SM6375 Snapdragon 695 5G (6 nm),6.7 inches,108MP - 2MP - 2MP,Li-Po 4800mAh,9990000
Xiaomi Mi 10T Pro (5G) 8GB 256GB Chính Hãng,Xiaomi,256GB,8GB,Qualcomm SM8250 Snapdragon 865 5G (7 nm+),6.67 inches,108MP – 13MP – 5MP,5000mAh,Liên hệ
Realme GT Neo 3 12GB 256GB (80W) Box,Realme,256 GB,12 GB,MediaTek Dimensity 8100 (5 nm),6.7 inches,50Mp + 8MP + 2MP,5000 mAh,Liên hệ
Xiaomi Mix Fold2 12GB 256GB Box,Xiaomi,256GB,12GB,Snapdragon 8+ Gen 1 (4 nm),8.02 inches (màn hình chính) - 6.56 inches (màn hình ph?),50MP - 8MP - 13MP,Li-Po 4500 mAh,30990000
Xiaomi Pad 6 Pro 12GB 256GB Box,Xiaomi,256 GB,12 GB,Snapdragon 8+ Gen 1 (4 nm),11 inches,50MP - 2MP,8600 mAh,12990000
Samsung Galaxy A34 (5G) 8GB 256GB Chính Hãng,Samsung,256GB,8Gb,Dimensity 1080,6.6 inch,48MP - 8MP - 5MP,5000 mAh,9990000
Samsung Galaxy A34 (5G) 8GB 128GB Chính Hãng,Samsung,128GB,8Gb,Dimensity 1080,6.6 inch,48MP - 8MP - 5MP,5000 mAh,8490000
Xiaomi 13 Pro 12GB 256GB Chính Hãng,Xiaomi,256 GB,12 GB,Snapdragon 8 Gen 2 (4 nm),6.73 inch,50MP + 50MP + 50MP,4820mAh,Liên hệ
Xiaomi Redmi Note 13 6GB 128GB Chính Hãng,Xiaomi,128GB,6GB,Qualcomm Snapdragon 685,"6,67 inches",108MP - 8MP - 2MP,5000 mAh,4890000
Oppo A58 (4G) 6GB 128GB Chính Hãng ,Oppo,128GB,6GB,Mediatek MT6769 Helio G85 (12nm),"6.72 inches, IPS LCD",50 MP - 2 MP,5000mAh,5690000
ZTE Blade V50 Design 8GB 128GB Chính Hãng ,ZTE,128GB,8GB,Unisoc T606 Octa-Core 1.6GHz,6.6 inches,50MP - 2MP - 2MP,5000 mAh,2990000
OPPO A18 4GB 64GB Chính Hãng ,OPPO,64GB,4GB,Mediatek MT6769 Helio G85 (12nm),"6.56inch, IPS LCD","8 MP - 2 MP,",5000 mAh,3990000
Xiaomi Redmi K60 (5G) 8GB 256GB Box,Xiaomi,256 GB,8Gb,Qualcomm SM8475 Snapdragon 8+ Gen 1 (4 nm),6.67 inches,"Camera góc r?ng: 64MP, f/1.8, 1/2"", 0,7µm, PDAF, OIS Camera góc siêu r?ng: 8MP, 120°, 1/4"", 1,12µm Camera macro: 2MP, f/2.4",5500 mAh,Liên hệ
Samsung Galaxy M34 (5G) 8GB 128GB Chính Hãng,Samsung,128GB,8GB,Exynos 1280,6.5 inches,50MP - 8GB - 2MP,6000 mAh,7990000
Oppo A38 4GB 64GB Chính Hãng,oppo,64GB,4GB,Lõi tám (2x2.0 GHz Cortex-A75 & 6x1.8 GHz Cortex-A55),"6,56 inch, IPS LCD",50 MP - 2 MP,5000mAh,3990000
ZTE Nubia V60 Design (6+10GB/ 256GB) Chính Hãng,ZTE,256GB,16GB,Unisoc T606,"6.6-inch HD+, 90Hz",50 MP - 2 MP,5000 mAh,Liên hệ
Samsung Galaxy A55 (5G) 8GB 128GB Chính Hãng,Samsung,128GB,8GB,Exynos 1480,6.6 inches,50MP - 12MP - 5MP,5000 mAh,9990000
Xiaomi Redmi K60 (5G) 16GB 256GB Box,Xiaomi,256 GB,16GB,Qualcomm SM8475 Snapdragon 8+ Gen 1 (4 nm),6.67 inches,"Camera góc r?ng: 64MP, f/1.8, 1/2"", 0,7µm, PDAF, OIS Camera góc siêu r?ng: 8MP, 120°, 1/4"", 1,12µm Camera macro: 2MP, f/2.4",,9990000
Xiaomi 12S Ultra (5G) 8GB 256GB Box,Xiaomi,256GB,8GB,Qualcomm SM8475 Snapdragon 8+ Gen 1 (4 nm),6.73 inches,50MP - 48MP - 48MP,Li-Po 4860 mAh,Liên hệ
Xiaomi 11T Pro (5G) 12GB 256GB Chính Hãng (Dimensity 8100),Xiaomi,256GB,12GB,Qualcomm SM8350 Snapdragon 888 5G (5 nm),6.67 inches,108MP – 8MP – 5MP,5000mAh,Liên hệ
iPhone 14 Pro 256GB VNA  - T?ng BH roi v? vào nu?c,Apple,256 GB,6GB,Apple A16 Bionic,6.1 inch,Camera chính: 48MP Camera góc siêu r?ng: 12MP Camera tele: 12MP,"3,200mAh",Liên hệ
Xiaomi 12S Pro 8GB 128GB Box,Xiaomi,128GB,8GB,Snapdragon 8+ Gen 1 (4 nm),6.73 inches,50MP - 50MP - 50MP,4600 mAh,Liên hệ
Realme GT Neo 5 SE 8GB 256GB Box,Realme,256 GB,8Gb,Snapdragon 7+ Gen 2,6.74 inchs,64MP – 8MP – 2MP,5500 mAh,Liên hệ
Xiaomi Redmi Note 12 Pro (5G) 8GB 256GB Box,Xiaomi,256 GB,8Gb,MediaTek Dimensity 1080 (6 nm),6.67 inches,50Mp + 8MP + 2MP,5000 mAh,Liên hệ
Samsung Galaxy S22 Ultra (5G) 12GB 512GB Chính hãng,Samsung,512GB,12 GB,Snapdragon 8 Gen 1 8 nhân,"6,8 inches",4 cam (108MP + 12MP + 10MP + 10 MP),Li-Po 5000mAh,36990000
Oppo Reno 10 Pro (5G) 12GB 256GB Chính Hãng,Oppo,256 GB,12 GB,Qualcomm SM7325 Snapdragon 778G 5G (6 nm),6.7 inches,50MP - 32MP - 8MP,4600mAh,14990000
Xiaomi Redmi Note 13 Pro Plus (5G) 16GB 512GB Box,Xiaomi,512GB,16GB,Dimensity 7200 Ultra (4 nm),6.67 inches,200MP - 8MP - 2MP,Li-Po 5000 mAh,Liên hệ
Xiaomi Redmi Note 13 Pro (5G) 8GB 256GB Box,Xiaomi,256GB,8GB,Snapdragon 7s Gen 2,6.67 inches,200MP + 8MP + 2MP,5100mAh,6990000
Xiaomi Pad 6 6GB 128GB Box,Xiaomi,128GB,6GB,Qualcomm SM8250-AC Snapdragon 870 5G (7 nm),11inchs,13MP,8840mAh,7990000
Realme GT Neo 5 16Gb 256GB Box,Realme,256 GB,16 GB,Qualcomm SM8475 Snapdragon 8+ Gen 1 (4 nm),6.74 inchs,50Mp + 8MP + 2MP,5000 mAh,12990000
Realme Q5 Pro 8GB 128GB Box,Realme,128GB,8Gb,Qualcomm SM8250-AC Snapdragon 870 5G (7 nm),6.62 inch,64MP – 8MP – 2MP,5000 mAh,Liên hệ
Samsung Galaxy S23 FE 8GB 128GB Chính Hãng,Samsung,128GB,8GB,Exynos 2200 (4 nm),6.4 inches,50MP - 8MP - 12MP,Li-Ion 4500 mAh,14990000
iPhone 15 Pro Max 256GB VN/A - T?ng BH roi v? vào nu?c,iPhone,256 GB,8 GB,A17 Pro,6.7 inches,"Camera chính: 48MP, 24 mm, ƒ/1.78, Camera góc siêu r?ng: 12 MP, 13 mm, ƒ/2.2",4422 mAh,36990000
Realme GT Neo 6 12GB 256GB Box - B?o Hành 15 tháng,realme,256GB,12GB,Qualcomm SM8635 Snapdragon 8s Gen 3 (4 nm),"LTPO AMOLED, 6.78 inches, 120Hz",50 MP - 8 MP,5500 mAh,9690000
Xiaomi Redmi Note 12 (5G) 6GB 128GB Box,Xiaomi,128GB,6 GB,Snapdragon 4 Gen 1,6.67 inches,"48 MP, (góc r?ng), 0.8µm, PDAF 2 MP, f/2.4, (d? sâu) Quay phim: 1080p@30/60fps",Li-Po 5000 mAh,4990000
Nokia 110 DS 4G – S?n ph?m chính hãng,NOKIA,128 MB,48 MB,Unisoc T107,"1.8"", QQVGA, QVGA",0.08 MP,1020 mAh,810000
Realme 11 Pro Plus (5G) 12GB 256GB Box,Realme,256 GB,12 GB,Dimensity 7050 (6 nm),6.7 inches,200MP + 8MP + 2MP,5000 mAh,8990000
Xiaomi 13 Pro (5G) 12GB 256GB Box,Xiaomi,256 GB,12 GB,Snapdragon 8 Gen 2 (4 nm),6.73 inch,50MP + 50MP + 50MP,4820mAh,Liên hệ
Realme GT Neo 5 12GB 256GB Box,Realme,256 GB,12 GB,Qualcomm SM8475 Snapdragon 8+ Gen 1 (4 nm),6.74 inchs,50Mp + 8MP + 2MP,5000 mAh,12990000
Nokia 110 4G Pro (2023) Chính Hãng,Nokia,,,Unisoc T107,1.77 inchs,QVGA,,710000
Nokia C32 4GB 128GB Chính Hãng,Nokia,128GB,4GB,Unisoc SC9863A,"6.5""",50.0 MP + 2.0 MP,5000mAh,3290000
TECNO Spark 10 Pro (8+8GB/128GB) - Chính Hãng,Tecno,128GB,8GB,Mediatek Helio G88 (12nm),6.8 inches,50MP - 0.8MP,Li-Po 5000 mAh,3990000
Samsung Galaxy Z Fold5 12GB 512GB Chính Hãng,Samsung,512GB,12 GB,Snapdragon 8 Gen 2 for Galaxy,7.6 inches,50MP - 12MP - 12MP,4400mAh,44990000
Xiaomi Civi 3 12GB 256GB Box,Xiaomi,256GB,12GB,Mediatek Dimensity 8200 Ultra (4 nm),6.55 inch,50MP – 8MP – 2MP,4500mAh,8990000
TECNO Spark 20 Pro+ (8+8GB/256GB) - Chính Hãng ,Tecno,256GB,8GB có th? m? r?ng lên 16GB,Mediatek Helio G99 Ultimate,"6,78 inches",108MP - 2MP - 32MP,5000mAh,5490000
Xiaomi Redmi K60 Pro (5G) 8GB 256GB Box,Xiaomi,256 GB,8 GB,Snapdragon 8 Gen 2 (4 nm),6.67 inches,"Camera góc r?ng: 54MP, f/1.9, 1/1.49"", 1.0µm, PDAF, OIS Camera góc siêu r?ng: 8MP, 118°, 1/4"", 1.12µm Camera macro: 2 MP, f/2.4",5000 mAh,Liên hệ
INOI A83 (4G) 6GB 128GB Chính Hãng ,INOI,128GB,6GB,Unisoc T606,"6,5 inches",48MP - 2MP - 2MP,4000mAh,2590000
Oppo A17K 3GB 64GB Chính Hãng,Oppo,64GB,3GB,Mediatek MT6765 Helio G35 (12 nm),6.56 inch,"8 MP, f/2.0",5000 mAh,3290000
Samsung Galaxy S24 Ultra (5G) 12GB 1TB Chính Hãng,Samsung,1TB,12GB,Snapdragon 8 Gen 3 (4 nm),6.8 inches,200MP - 50MP - 10MP - 12MP,5000 mAh,44490000
iPhone 15 256GB VN/A - T?ng BH roi v? vào nu?c,iPhone,256GB,6GB,6-core CPU,6.1 inches,Camera chính: 48MP Camerra góc r?ng: 12MP Camera Tele: 12MP,,Liên hệ
Nokia 105 4G Pro (2023) Chính Hãng,Nokia,,,Unisoc T107,1.8 inchs,,1450mAh,780000
iPhone 11 64GB chính hãng VN/A - T?ng BH roi v? vào nu?c,Apple,64 GB,4 GB,Apple A13 Bionic (7 nm+),6.1 inch,Dual 12 MP,Li-Ion 3110mAh,14990000
ZTE nubia Red Magic 8S Pro 8GB 256GB Box,Nubia,256GB,8GB,Snapdragon 8 Gen 2 (4 nm),6.8 inches,50MP - 8MP - 2MP,"Li-Po 6000 mAh,",16990000
Nokia G11 Plus 3GB 32GB Chính hãng,Nokia,32 GB,3 GB,Unisoc T606,6.52 inches,"AI 50MP AF, f/1.8+ 2MP, c?m bi?n d? sâu tru?ng ?nh",5000mAh3 pin li?n,3390000
Oppo A77s 8GB 128GB Chính Hãng,Oppo,128GB,8Gb,Qualcomm SM6225 Snapdragon 680 4G (6 nm),6.56 inch,50.0 MP + 2.0 MP,5000 mAh,6290000
Xiaomi 12T 8GB 128GB Chính hãng,Xiaomi,128GB,8Gb,MediaTek Dimensity 8100-Ultra,6.67 inches,108MP - 8MP - 2MP,5000 mAh,12490000
Xiaomi Redmi K50 (5G) 12GB 256GB Box,Xiaomi,256 GB,12 GB,MediaTek Dimensity 8100 (5 nm),6.67 inches,48MP + 8MP + 2MP,Li-Ion 5500mAh,9490000
Samsung Galaxy S23 Plus (5G) 8GB 256GB Chính Hãng,Samsung,256 GB,8Gb,Qualcomm SM8550 Snapdragon 8 Gen 2 (4 nm),6.6 inch,50MP - 10MP - 12MP,4700 mAh,26990000
TCL 406S 4GB 64GB Chính Hãng,TCL,64GB,4GB,Helio G25,6.6 inches,13MP - 2MP,5000mAh,2190000
Xiaomi Redmi Note 12 Pro Plus 8GB 256GB Likenew Fullbox,Xiaomi,256GB,8GB,,6.78 inchs,,,7990000
TECNO Pova 6 (8+8GB/256GB) - Chính Hãng,Tecno,256GB,8GB,MTK Helio G99 Ultimate,6.78”FHD+ | Amoled | 120Hz,108 MP,6000mAh,6490000
Samsung Galaxy A14 (5G) 4GB 128GB Chính Hãng,Samsung,128GB,4GB,MediaTek MT6833 Dimensity 700 (7 nm),6.6 inch,50MP + 2MP + 2MP,Li-Po 5000 mAh,Liên hệ
Xiaomi Pad 6 Pro 8GB 256GB Box,Xiaomi,256GB,8GB,Snapdragon 8+ Gen 1 (4 nm),11 inchs,50MP - 2MP,8600 mAh,9990000
INOI A54 4GB 128GB Chính Hãng,INOI,128GB,4GB,MediaTek G88,6.75inch,50MP - 16MP -8MP,5000 mAh,Liên hệ
Xiaomi Redmi Note 11 Pro (4G) 8GB 128GB Chính hãng,XIAOMI,128GB,8 GB,MediaTek Helio G96 8 nhân,6.67 inches,"Camera góc r?ng: 108 MP, f/1.9, PDAF Camera góc siêu r?ng: 8 MP Camera Tele: 2 MP, f/2.4",5000 mAh,Liên hệ
ZTE Nubia Red Magic 9 Pro Plus 16GB 256GB Box,ZTE Nubia,256GB,16GB,Snapdragon 8 Gen 3 (4 nm),6.8 inches,50MP - 50MP - 2MP,5500 mAh,Liên hệ
Samsung Galaxy A23 (4G) 4GB 128GB Chính hãng,Samsung,128GB,4GB,Snapdragon 680 (SM6225),6.6 inches,50MP + 5MP + 2MP + 2MP,5.000 mAh,5690000
Xiaomi Redmi K60 Ultra (5G) 16GB 1TB Box,Xiaomi,1TB,16GB,Mediatek Dimensity 9200+ (4 nm),6.67 inches,50Mp + 8MP + 2MP,5000 mAh,Liên hệ
Oppo Reno 11 F (5G) 8GB 256GB Chính Hãng,oppo,256GB,8GB,Octa-core (2x2.6 GHz Cortex-A78 & 6x2.0 GHz Cortex-A55),"AMOLED, 6.7 inches, 120Hz",64 MP - 8MP - 2MP,5000mAh,8690000
Xiaomi Redmi 13C 4GB 128GB Chính Hãng,Xiaomi,128GB,4GB,Mediatek MT6769Z Helio G85 (12nm),6.74 inches,50MP - 2MP - 0.08MP,5000mAh,3590000
Samsung Galaxy A24 (4G) 6GB 128GB Chính Hãng,Samsung,128GB,6GB,Mediatek MT8781 Helio G99 (6nm),6.5 inches,50MP - 5MP - 2MP,5000mAh,6490000
Samsung Galaxy S23 Ultra (5G) 8GB 256GB Chính Hãng,Samsung,256 GB,8Gb,Qualcomm SM8550 Snapdragon 8 Gen 2 (4 nm),6.8 inches,200MP - 10MP - 10MP,5000 mAh,31990000
TECNO Spark 6 GO 4GB 64GB Chính hãng,TECNO,64GB,4 GB,MediaTek MT6762D Helio A25 (12 nm),6.52 inches,13MP,Li-Ion 5000mAh,Liên hệ
Oppo Reno 12 (5G) Chi´nh Ha~ng,oppo,256GB,12GB,Mediatek Dimensity 7300 Energy (4 nm),"AMOLED, 6.7 inches, 120Hz, HDR10+",50 MP - 8 MP - 2 MP,5000 mAh,12990000
TECNO Pova 5 (8+8GB/256GB) - Chính Hãng,Tecno,256 GB,8Gb,MediaTek Helio G99 (6nm),6.78 inchs,50MP,6000 mAh,5990000
Oppo Reno 8T (4G) 8GB 256GB Chính Hãng,Oppo,256 GB,8Gb,MediaTek Helio G99 (6nm),6.43 inch,100MP - 2MP - 2MP,5000 mAh,8990000
TECNO Camon 20 (8+8GB/256GB) - Chính Hãng,Tecno,256 GB,8Gb,MediaTek MT6769Z Helio G85 (12nm),6.67 inches,64MP - 2MP,5000 mAh,4990000
Samsung Galaxy A42 5G Hàn Cu 99%,Samsung,128 GB,4 GB,Qualcomm SM7225 Snapdragon 750 5G (8 nm),6.6 inches,"Chính 48 MP & Ph? 12 MP, 5 MP, 5 MP",5000 mAh,3290000
Nokia 105 DS 4G – S?n ph?m chính hãng,NOKIA,128 MB,48 MB,Unisoc T107,"1.8"", QQVGA, QVGA",,1020 mAh,710000
ZTE Blade A54 4GB 128GB Chính Hãng,ZTE,128GB,4GB,Unisoc SC9863A,6.6 inches,13MP - 2MP,5000mAh,2290000
Xiaomi Redmi K50 (5G) 8GB 256GB Box,Xiaomi,256 GB,8Gb,MediaTek Dimensity 8100 (5 nm),6.67 inches,48MP + 8MP + 2MP,Li-Ion 5500mAh,9490000
Nubia Red Magic 8 Pro 8GB 256GB Box,Nubia,256GB,8GB,Chipset Qualcomm SM8550-AB,6.8 inches,50MP - 8MP - 2MP,80W,Liên hệ
Oppo A78 (4G) 8GB 256GB Chính Hãng,oppo,256GB,8GB,Snapdragon 680 4G (6nm),AMOLED 6.43 inches,50 MP - 2 MP,Li-Po 5000 mAh,6990000
iPhone 14 256GB chính hãng VNA - T?ng BH roi v? vào nu?c,Apple,256 GB,6 GB,Apple A15 Bionic,6.1 inch,Camera góc r?ng: 12MP Camera góc siêu r?ng: 12MP,"3,279mAh",28990000
Xiaomi Poco X5 (5G) 6GB 128Gb Chính Hãng,Xiaomi,128GB,6GB,Qualcomm SM6375 Snapdragon 695 5G (6 nm),6.67 inches,48MP - 8MP - 2MP,Li-Po 5000 mAh,6990000
ZTE Blade V50 Design 8GB 256GB Chính Hãng ,ZTE,128GB,8GB,Unisoc T606 Octa-Core 1.6GHz,6.6 inches,50MP - 2MP - 2MP,5000 mAh,3290000
Samsung Galaxy S22 Plus (5G) 8GB 128GB Chính hãng,Samsung,128 GB,8Gb,Snapdragon 8 Gen 1 8 nhân,6.6 inches,50MP – 10MP – 12MP,4500 mAh,25990000
Xiaomi Redmi Note 12 Turbo 16GB 1TB Box,Xiaomi,1 TB,16 GB,,6.67 inches,64MP – 8MP – 2MP,5000 mAh,7990000
Xiaomi Redmi Note 13 Pro Plus (5G) 12GB 512GB Box,Xiaomi,512GB,12GB,Dimensity 7200 Ultra (4 nm),6.67 inches,200MP - 8MP - 2MP,Li-Po 5000 mAh,8590000
Xiaomi Redmi Note 12 Turbo 12GB 256GB Box,Xiaomi,256 GB,12 GB,,6.67 inches,64MP – 8MP – 2MP,5000 mAh,6990000
iPhone 13 256GB Chính hãng VN/A  - T?ng BH roi v? vào nu?c,Apple,256 GB,4GB,Apple A15 Bionic Chip,"6,1 inches",C?m bi?n LiDAR,3240mAh,27990000
iPhone 15 Pro 128GB VN/A - T?ng BH roi v? vào nu?c,iPhone,128GB,8 GB,,6.1 inches,"48MP, 24 mm, ƒ/1.78, Camera góc siêu r?ng: 12 MP, 13 mm, ƒ/2.2 Camera Tele 3x: 12 MP, 77 mm, ƒ/2.8 Camera Tele 2x: 12 MP, 48 mm, ƒ/1.78",,30990000
Xiaomi Redmi K40s (5G) 8GB 256GB Box,Xiaomi,256 GB,8Gb,Qualcomm Snapdragon 870,6.67 inches,48MP + 8MP + 2MP,4500 mAh,8450000
ZTE Blade A55 Chính Hãng,ZTE,64GB,4GB,Unisoc SC9863A1,"6.75inches, 90Hz",13MP + Camera AI,5000mAh,Liên hệ
Xiaomi 13 (5G) 12GB 256GB Box,Xiaomi,256 GB,12 GB,Snapdragon 8 GEN 2,6.36 inch,50MP – 10MP – 12MP,"Androi 13, MIUI 14",16990000
Samsung Galaxy S22 (5G) 8GB 128GB Chính hãng,Samsung,128 GB,8Gb,Snapdragon 8 Gen 1 8 nhân,6.1 inch,50MP – 10MP – 12MP,Li-Po 3700mAh,21990000
Realme Q5 Pro 8GB 256GB Box,Realme,256 GB,8Gb,Qualcomm SM8250-AC Snapdragon 870 5G (7 nm),6.62 inch,64MP – 8MP – 2MP,5000 mAh,Liên hệ
Oppo Reno 10 (5G) 8GB 128GB Chính Hãng,Oppo,128 GB,8Gb,Dimensity 7050,6.7 inches,64MP - 32MP - 8MP,5000 mAh,10990000
Samsung Galaxy A13 (4G) 4GB 128GB chính hãng,Samsung,128 GB,4 GB,Exynos 850,6.6 inches,50MP + 5MP + 2MP + 2MP,Li-Po 5000 mAh,Liên hệ
Xiaomi Redmi K60 Ultra (5G) 24GB 1TB Box,Xiaomi,1TB,24GB,Mediatek Dimensity 9200+ (4 nm),6.67 inches,50Mp + 8MP + 2MP,5000 mAh,Liên hệ
Nubia Red Magic 8 Pro Plus 12GB 256GB Box (Snapdragon 8 Gen 2),ZTE Nubia,256GB,12GB,Qualcomm Snapdragon 8+ Gen 2 (4 nm),6.8 inches,50MP - 8MP - 2MP,5000mAh,Liên hệ
Xiaomi Redmi Note 13 (5G) 8GB 128GB Box - BH 15 Tháng,Xiaomi,128GB,8GB,Mediatek Dimensity 6080 (6 nm),6.67 inches,100MP – 2MP,5000mAh,5990000
Samsung Galaxy A04e 3GB 32GB Chính Hãng,Samsung,32GB,3GB,Mediatek MT6765 Helio P35 (12nm),"PLS LCD 6.5 inches,",13 MP - 2 MP,Li-Po 5000 mAh,3990000
Xiaomi Redmi K60 Pro (5G) 8GB 128GB Box,Xiaomi,128 GB,8 GB,Snapdragon 8 Gen 2 (4 nm),6.67 inches,"Camera góc r?ng: 54MP, f/1.9, 1/1.49"", 1.0µm, PDAF, OIS Camera góc siêu r?ng: 8MP, 118°, 1/4"", 1.12µm Camera macro: 2 MP, f/2.4",5000 mAh,10990000
Xiaomi Redmi Note 13 Pro Plus (5G) 12GB 256GB Chính Hãng,Xiaomi,256GGB,12GB,Dimensity 7200 Ultra (4 nm),6.67 inches,200MP - 8MP - 2MP,5000 mAh,10990000
Xiaomi Redmi Note 12 Pro (5G) 6GB 128GB Box,Xiaomi,128GB,6GB,MediaTek Dimensity 1080 (6 nm),6.67 inches,50Mp + 8MP + 2MP,5000 mAh,Liên hệ
Samsung Galaxy Z Fold5 12GB 256GB Chính Hãng,Samsung,256 GB,12 GB,Snapdragon 8 Gen 2 for Galaxy,7.6 inches,50MP - 12MP - 12MP,4400mAh,40990000
ZTE Blade A34 2GB 64GB Chính Hãng,ZTE,64GB,2GB,Unisoc SC9863A,6.6 inches,5MP - 2MP,5000mAh,1790000
Samsung Galaxy Z Fold6 (5G) 12GB 512GB Chính Hãng,Samsung,512GB,12GB,Snapdragon 8 Gen 3 (4 nm),"Màn ngoài: 6,3 inch - Màn trong: 7,6 inch",50MP - 10MP - 12MP,4400 mAh,47990000
INOI 288S (4G) Chính Hãng,INOI,,,,2 inches,"0,3MP",1000mAh,1190000
TECNO Spark 10 Pro (8+8GB/256GB) - Chính Hãng,Tecno,256GB,8GB,Mediatek Helio G88 (12nm),6.8 inches,50MP - 0.8MP,Li-Po 5000 mAh,4990000
TECNO Spark 20C (4+4GB/128GB) - Chính Hãng,Tecno,128GB,4GB,Mediatek,6.6 inches,50MP - 0.08MP,5000 mAh,2690000
Xiaomi Redmi Note 12 Turbo 16GB 256GB Box,Xiaomi,256 GB,16 GB,,6.67 inches,64MP – 8MP – 2MP,5000 mAh,9090000
Samsung Galaxy S24 Ultra (5G) 12GB 256GB Chính Hãng,Samsung,256GB,12GB,Snapdragon 8 Gen 3 (4 nm),6.8 inches,200MP - 50MP - 10MP - 12MP,5000mAh,33990000
Xiaomi 14 (5G) 12GB 256GB Chính Hãng,Xiaomi,256GB,12GB,Qualcomm Snapdragon 8 Gen 3 (4 nm),6.36 inches,50MP - 50MP - 50MP,4610 mAh,22990000
Samsung Galaxy A15 (4G)  8GB 128GB Chính Hãng ,Samsung,128GB,8GB,Mediatek Helio G99,6.5 inches,50MP - 5MP - 2MP,5000 mAh,4990000
Xiaomi Redmi Pad SE 8GB 128GB Box,Xiaomi,128GB,8GB,Snapdragon 680 4G (6 nm),11.0 inches,8MP,Li-Po 8000 mAh,4990000
Oppo A74 8GB 128GB Chính hãng,Oppo,128GB,8 GB,"Qualcomm Snapdragon 662, t?i da 2.0GHz",6.43 inches,"Camera chính: 48 MP, f/1.7 Camera c?n c?nh: 2 MP, f/2.4 Camera don s?c: 2 MP, f/2.4",Li-Po 5000 mAh,6990000
iPhone 13 256GB Chính Hãng VN/A,Apple,256GB,4GB,Apple A15 Bionic (5 nm),6.1,"12 MP f/1.5, 26mm (góc rộng)12 MP, f/1.8, 13mm, 120˚ (góc siêu rộng)",3240mAh,27689000
iPhone 11 128GB Cũ 99%,Apple,128GB,4GB,Apple A13 Bionic (7 nm+),6.1,"12 MP, f/1.8, 26mm (góc rộng)12 MP, f/2.4, 120˚, 13mm (góc siêu rộng)",3110mAh,10289000
iPhone Xs Max 256GB Cũ 99%,Apple,256GB,4GB,Apple A12 Bionic (7 nm),6.5,"12 MP, f/1.8, 26mm (góc rộng)12 MP, f/2.4, 52mm (telephoto)",3174mAh,10589000
iPhone 12 Pro Max 128GB Cũ 99%,Apple,128GB256GB512GB,6GB,Apple A14 Bionic (5nm),6.7,"12 MP, f/1.6, 26mm (góc rộng)12 MP, f/2.4, 13mm, 120˚ (góc siêu rộng)12 MP, f/2.2, 65mm (telephoto)",3687mAh,Cập Nhật
iPhone 13 Pro Max 256GB Cũ,Apple,256GB,6GB,Apple A15 Bionic (5 nm),6.7,"12 MP, f/2.8, 77mm (telephoto)12 MP f/1.5, 26mm (góc rộng)12 MP, f/1.8, 13mm, 120˚ (góc siêu rộng)",4352mAh,23789000
Oppo A38 4GB/128GB Chính Hãng,Oppo,128GB,4GB,Mediatek MT6769 Helio G85 (12nm),6.56,"50 MP, f/1.8, (góc rộng)2 MP, f/2.4, (depth)",5000mAh,4989000
iPhone 8 Plus 128GB Cũ 99%,Apple,128GB,3GB,Apple A11 Bionic (10 nm),5.5,"12 MP, f/1.8, 28mm (góc rộng)12 MP, f/2.8, 57mm",2691mAh,Cập Nhật
Samsung Galaxy S23 FE 8GB/128GB Chính Hãng,Samsung,128GB,8GB,Exynos 2200 (4 nm),6.4,"12 MP, f/2.2, 13mm, 120˚ (góc siêu rộng)50 MP, f/1.8, 24mm (góc rộng)8 MP, f/2.4, 75mm (telephoto), PDAF, 3x optical zoom",4500mAh,14899000
Samsung Galaxy S24 Ultra 12GB/1TB Chính Hãng,Samsung,256GB512GB1TB,12GB,Qualcomm SM8650-AC Snapdragon 8 Gen 3 (4 nm),6.8,"50 MP, f/1.8, 24mm (góc rộng), 1/1.56"", 1.0µm, Dual Pixel PDAF, OIS10 MP, f/2.4, 67mm (telephoto), 1/3.94"", 1.0µm, PDAF, OIS, 3x zoom quang học12 MP, f/2.2, 13mm, 120˚ (góc siêu rộng), 1/2.55"" 1.4µm, Chống Rung Video200 MP, f/1.7, 24mm (wide), 1/1.3"", 0.6µm, PDAF đa hướng, Laser AF, OIS",Li-Ion 5000 mAh,44490000
iPhone 12 Pro Max 256GB Cũ,Apple,128GB256GB512GB,6GB,Apple A14 Bionic (5nm),6.7,"12 MP, f/1.6, 26mm (góc rộng)12 MP, f/2.4, 13mm, 120˚ (góc siêu rộng)12 MP, f/2.2, 65mm (telephoto)",3687mAh,18689000
iPhone 14 Pro 128GB Cũ 98% - Sim Vật Lý,Apple,256GB,6GB,Apple A16 Bionic (4 nm),6.1,"48 MP, f/1.8, 24mm (góc rộng)12 MP, f/2.2, 13mm, 120˚ (góc siêu rộng)TOF 3D LiDAR scanner (depth)12 MP, f/2.8, 77mm (telephoto)",3200mAh,24489000
iPhone 15 128GB Cũ,Apple,128GB,6GB,Apple A16 Bionic (4 nm),6.1,"12 MP, f/2.4, 13mm, 120˚ (góc siêu rộng)TOF 3D LiDAR scanner (depth)48 MP, f/1.7, 26mm (góc rộng)",3279mAh,Cập Nhật
iPhone 11 64GB Cũ,Apple,64GB,4GB,Apple A13 Bionic (7 nm+),6.1,"12 MP, f/1.8, 26mm (góc rộng)12 MP, f/2.4, 120˚, 13mm (góc siêu rộng)",3110mAh,Cập Nhật
Oppo Reno 11 5G 8GB/256GB Chính Hãng,Oppo,256GB,8GB,Mediatek Dimensity 8200 (4 nm),6.7,"50 MP, f/1.8, 26mm (góc rộng)8 MP, f/2.2, 16mm, 112˚ (góc siêu rộng)32 MP, f/2.0, 47mm (telephoto)",4800mAh,10989000
Xiaomi Poco C65 6GB/128GB Chính hãng,Xiaomi,128GB,6GB,Mediatek MT6769Z Helio G85 (12nm),6.74,"2 MP, f/2.4, (macro)50 MP, f/1.8, 28mm (rộng)0,08 MP (ống kính phụ)",5000mAh,2990000
Samsung Galaxy S24 8GB/256GB Chính Hãng - BHĐT,Samsung,256GB,8GB,Exynos 2400 (4 nm) 10 nhân,6.2,"50 MP, f/1.8, 24mm (góc rộng), 1/1.56"", 1.0µm, Dual Pixel PDAF, OIS10 MP, f/2.4, 67mm (telephoto), 1/3.94"", 1.0µm, PDAF, OIS, 3x zoom quang học12 MP, f/2.2, 13mm, 120˚ (góc siêu rộng), 1/2.55"" 1.4µm, Chống Rung Video",Li-Ion 4000 mAh,22990000
Samsung Galaxy A15 8GB/256GB Chính Hãng - BHĐT,Samsung,256GB,8GB,Mediatek Helio G99 (6nm),6.5,"50 MP, f/1.8, (góc rộng)2 MP, f/2.4 (macro)5 MP, f/2.2 (góc siêu rộng)",5000mAh,5189000
Samsung Galaxy A25 5G 6GB/128GB Chính Hãng - BHĐT,Samsung,128GB,6GB,Exynos 1280 (5 nm),6.5,"50 MP, f/1.8, (góc rộng)2 MP, f/2.4 (macro)8 MP, f/2.2, 120˚ (góc siêu rộng)",5000mAh,6589000
iPhone 11 128GB Cũ,Apple,128GB,4GB,Apple A13 Bionic (7 nm+),6.1,"12 MP, f/1.8, 26mm (góc rộng)12 MP, f/2.4, 120˚, 13mm (góc siêu rộng)",3110mAh,9289000
Samsung Galaxy A55 5G 8GB/128GB Chính Hãng - BHĐT,Samsung,128GB,8GB,Exynos 1480,6.6,"12 MP, f/2.2, 123˚ (góc siêu rộng)5 MP, f/2.4 (macro)50 MP, f/1.8, (góc rộng)",5000mAh,9990000
Samsung Galaxy Z Flip6 5G 12GB/512GB Chính Hãng,Samsung,512GB,12GB,Qualcomm SM8650-AB Snapdragon 8 Gen 3 (4 nm),"Màn hình chính: 6.7""Màn hình phụ: 3.4""","12 MP, f/2.2, 123˚ (ultrawide), 1.12µm50 MP, f/1.8, 23mm (wide), 1.0µm, dual pixel PDAF, OIS",4000mAh,32900000
iPhone 15 Pro 1TB Chính Hãng VN/A,Apple,1TB,8GB,Apple A17 Pro (3 nm),6.1,"TOF 3D LiDAR scanner (depth)48 MP, f/1.8, 24mm (góc rộng), 1/1.28"", 1.22µm, dual pixel PDAF, sensor-shift OIS12 MP, f/2.8, 120mm (ống kính tiềm vọng), 1.12µm, dual pixel PDAF, 3D sensor‑shift OIS, 5x optical zoom",3.274 mAh,43999000
Samsung Galaxy Z Fold5 5G 12GB/1TB Chính Hãng- BHĐT,Samsung,1TB,12GB,Qualcomm SM8550-AC Snapdragon 8 Gen 2 (4 nm),7.6,"50 MP, f/1.8, 23mm (góc rộng)12 MP, f/2.2, 123˚, 12mm (góc siêu rộng)10 MP, f/2.4, (telephoto), PDAF, OIS, 3x optical zoom",4400mAh,50989000
iPhone 12 Pro Max 256GB Cũ 99%,Apple,128GB256GB512GB,6GB,Apple A14 Bionic (5nm),6.7,"12 MP, f/1.6, 26mm (góc rộng)12 MP, f/2.4, 13mm, 120˚ (góc siêu rộng)12 MP, f/2.2, 65mm (telephoto)",3687mAh,Cập Nhật
iPhone 12 64GB Cũ,Apple,64GB128GB256GB,4GB,Apple A14 Bionic (5nm),6.1,"12 MP, f/1.6, 26mm (góc rộng)12 MP, f/2.4, 13mm, 120˚ (góc siêu rộng)",2815mAh,11389000
iPhone 15 128GB Likenew,Apple,128GB,6GB,Apple A16 Bionic (4 nm),6.1,"12 MP, f/2.4, 13mm, 120˚ (góc siêu rộng)TOF 3D LiDAR scanner (depth)48 MP, f/1.7, 26mm (góc rộng)",3279 mAh,21299000
iPhone 14 Pro Max 128GB Cũ 99%,Apple,128GB,6GB,Apple A16 Bionic (4 nm),6.7,"48 MP, f/1.8, 24mm (góc rộng)12 MP, f/2.2, 13mm, 120˚ (góc siêu rộng)TOF 3D LiDAR scanner (depth)12 MP, f/2.8, 77mm (telephoto)",4323mAh,25989000
Samsung Galaxy A04e 3GB/32GB Chính Hãng - BHĐT,Samsung,32GB,3GB,Mediatek MT6765 Helio P35 (12nm),6.5,"13 MP, f/2.2 (góc rộng)2 MP, f/2.4 (xóa phông)",5000mAh,3189000
iPhone 15 256GB Mới Trần - Chưa Kích Hoạt,Apple,256GB,6GB,Apple A16 Bionic (4 nm),6.1,"12 MP, f/2.4, 13mm, 120˚ (góc siêu rộng)TOF 3D LiDAR scanner (depth)48 MP, f/1.7, 26mm (góc rộng)",Đang cập nhật,21299000
Samsung Galaxy M34 5G 8GB/128GB Chính Hãng - BHĐT,Samsung,128GB,8GB,Exynos 1280 (5 nm),6.5,"50 MP, f/1.8, (góc rộng)8 MP, f/2.2, 120˚ (góc siêu rộng)2 MP, f/2.4",6000mAh,7689000
iPhone 14 Plus 512GB Chính Hãng VN/A,Apple,512GB,6GB,Apple A15 Bionic (5 nm),6.7,"12 MP, f/2.4, 13mm, 120˚ (góc siêu rộng)12 MP f/1.5, 26mm (góc rộng)",4323mAh,33989000
iPhone 15 Plus 512GB Chính Hãng VN/A,Apple,512GB,6GB,Apple A16 Bionic (4 nm),6.7,"12 MP, f/2.4, 13mm, 120˚ (góc siêu rộng)TOF 3D LiDAR scanner (depth)48 MP, f/1.7, 26mm (góc rộng)",4383 mAh,34999000
iPhone 14 128GB Chính Hãng VN/A,Apple,128GB,6GB,Apple A15 Bionic (5 nm),6.1,"12 MP, f/2.4, 13mm, 120˚ (góc siêu rộng)12 MP f/1.5, 26mm (góc rộng)",3279mAh,21989000
Xiaomi Redmi 13C 6GB/128GB Chính Hãng,Xiaomi,128GB,6GB,Mediatek MT6769Z Helio G85 (12nm),6.74,"0.08 MP (xóa phông)2 MP, f/2.4, (macro)50 MP, f/1.8, 28mm (góc rộng)",5000mAh,3489000
iPhone 11 Pro 256GB Cũ,Apple,256GB,4GB,Apple A13 Bionic (7 nm+),5.8,"12 MP, f/1.8, 26mm (góc rộng)12 MP, f/2.4, 120˚, 13mm (góc siêu rộng)12 MP, f/2.0, 52mm (telephoto)",3046mAh,12089000
iPhone 14 Pro Max 128GB Cũ 99% - Sim Vật Lý,Apple,128GB,6GB,Apple A16 Bionic (4 nm),6.7,"48 MP, f/1.8, 24mm (góc rộng)12 MP, f/2.2, 13mm, 120˚ (góc siêu rộng)TOF 3D LiDAR scanner (depth)12 MP, f/2.8, 77mm (telephoto)",4323mAh,25989000
iPhone 13 Pro Max 128GB Cũ 99%,Apple,128GB,6GB,Apple A15 Bionic (5 nm),6.7,"12 MP, f/2.8, 77mm (telephoto)12 MP f/1.5, 26mm (góc rộng)12 MP, f/1.8, 13mm, 120˚ (góc siêu rộng)",4352mAh,24489000
iPhone 15 256GB Likenew,Apple,256GB,6GB,Apple A16 Bionic (4 nm),6.1,"12 MP, f/2.4, 13mm, 120˚ (góc siêu rộng)TOF 3D LiDAR scanner (depth)48 MP, f/1.7, 26mm (góc rộng)",Đang cập nhật,21299000
Samsung Galaxy Z Flip5 5G 8GB/512GB Chính Hãng - BHĐT,Samsung,512GB,8GB,Qualcomm SM8550-AB Snapdragon 8 Gen 2 (4 nm),6.7,"12 MP, f/1.8, 24mm (góc rộng)12 MP, f/2.2, 123˚ (góc siêu rộng)",3700mAh,26589000
Samsung Galaxy A05 4GB/128GB Likenew - Fullbox,Samsung,128GB,4GB,MediaTek Helio G85 (12nm),6.7,"50 MP, f/1.8, (góc rộng)2 MP, f/2.4, (depth)",5000mAh,4189000
iPhone 14 128GB Cũ,Apple,128GB,6GB,Apple A15 Bionic (5 nm),6.1,"12 MP, f/2.4, 13mm, 120˚ (góc siêu rộng)12 MP f/1.5, 26mm (góc rộng)",3279mAh,16889000
Samsung Galaxy A05s 4GB/128GB Chính Hãng,Samsung,128GB,4GB,Snapdragon 680,6.7,"50 MP, f/1.8, (góc rộng)2 MP, f/2.4, (macro)2 MP, f/2.4, (depth)",5000mAh,3989000
iPhone 13 128GB Cũ,Apple,128GB,4GB,Apple A15 Bionic (5 nm),6.1,"12 MP f/1.5, 26mm (góc rộng)12 MP, f/1.8, 13mm, 120˚ (góc siêu rộng)",3240mAh,15489000
iPhone 11 Pro Max 64GB Cũ,Apple,64GB,4GB,Apple A13 Bionic (7 nm+),6.5,"12 MP, f/1.8, 26mm (góc rộng)12 MP, f/2.4, 120˚, 13mm (góc siêu rộng)12 MP, f/2.0, 52mm (telephoto)",3969mAh,12789000
Samsung Galaxy Z Flip6 5G 12GB/256GB Chính Hãng,Samsung,256GB,12GB,Qualcomm SM8650-AB Snapdragon 8 Gen 3 (4 nm),"Màn hình chính: 6.7""Màn hình phụ: 3.4""","12 MP, f/2.2, 123˚ (ultrawide), 1.12µm50 MP, f/1.8, 23mm (wide), 1.0µm, dual pixel PDAF, OIS",4000mAh,28990000
Xiaomi Mi 14 5G 12GB/256GB Chính Hãng,Xiaomi,256GB,12GB,	Snapdragon 8 Gen 3,6.36,"50 MP, f/2.0, 75mm (telephoto)50 MP, f/2.2, 14mm, 115˚ (góc siêu rộng)50 MP, f/1.6, 23mm (góc rộng)1/1.31"", 1.2µmLeica lens",4610mAh,22999000
iPhone SE 2020 64GB Cũ 99%,Apple,64GB,3GB,Apple A13 Bionic (7 nm+),4.7,"12 MP, f/1.8 (góc rộng)",1821mAh,5489000
iPhone 13 Pro Max 256GB Cũ 99%,Apple,256GB,6GB,Apple A15 Bionic (5 nm),6.7,"12 MP, f/2.8, 77mm (telephoto)12 MP f/1.5, 26mm (góc rộng)12 MP, f/1.8, 13mm, 120˚ (góc siêu rộng)",4352mAh,25189000
iPhone 15 256GB Cũ,Apple,256GB,6GB,Apple A16 Bionic (4 nm),6.1,"12 MP, f/2.4, 13mm, 120˚ (góc siêu rộng)TOF 3D LiDAR scanner (depth)48 MP, f/1.7, 26mm (góc rộng)",Đang cập nhật,19999000
Samsung Galaxy Z Flip6 5G 12GB/256GB Chính Hãng - BHĐT,Samsung,256GB,12GB,Qualcomm SM8650-AB Snapdragon 8 Gen 3 (4 nm),"Màn hình chính: 6.7""Màn hình phụ: 3.4""","12 MP, f/2.2, 123˚ (ultrawide), 1.12µm50 MP, f/1.8, 23mm (wide), 1.0µm, dual pixel PDAF, OIS",4000mAh,32900000
Samsung Galaxy S23 Ultra 8GB/256GB Chính Hãng - BHĐT,Samsung,256GB,8GB,Qualcomm SM8550-AC Snapdragon 8 Gen 2 (4 nm),6.8,"12 MP, f/2.2, 13mm, 120˚ (góc siêu rộng)10 MP, f/2.4, 70mm (telephoto)10 MP, f/4.9, 230mm (camera tìm vọng)200 MP, f/1.7, 24mm (góc rộng)",5000mAh,28589000
iPhone 15 Pro 512GB Chính Hãng VN/A,Apple,512GB,8GB,Apple A17 Pro (3 nm),6.1,"TOF 3D LiDAR scanner (depth)48 MP, f/1.8, 24mm (góc rộng), 1/1.28"", 1.22µm, dual pixel PDAF, sensor-shift OIS12 MP, f/2.8, 120mm (ống kính tiềm vọng), 1.12µm, dual pixel PDAF, 3D sensor‑shift OIS, 5x optical zoom",3.274 mAh,37999000
iPhone 15 Plus 256GB Chính Hãng VN/A,Apple,256GB,6GB,Apple A16 Bionic (4 nm),6.7,"12 MP, f/2.4, 13mm, 120˚ (góc siêu rộng)TOF 3D LiDAR scanner (depth)48 MP, f/1.7, 26mm (góc rộng)",4383 mAh,28999000
iPhone 15 Pro 256GB Likenew - Fullbox,Apple,256GB,8GB,Apple A17 Pro (3 nm),6.1,"TOF 3D LiDAR scanner (depth)48 MP, f/1.8, 24mm (góc rộng), 1/1.28"", 1.22µm, dual pixel PDAF, sensor-shift OIS12 MP, f/2.8, 120mm (ống kính tiềm vọng), 1.12µm, dual pixel PDAF, 3D sensor‑shift OIS, 5x optical zoom",Đang cập nhật,27799000
iPhone SE 2022 64GB Cũ 99%,Apple,64GB,4GB,Apple A13 Bionic (7 nm+),4.7,"12 MP, f/1.8 (góc rộng)",2018mAh,6289000
Xiaomi Redmi 12 4GB/128GB Chính Hãng,Xiaomi,128GB,4GB,Mediatek Helio G88 (12nm),6.79,"8 MP, f/2.2, 120˚ (góc siêu rộng)50 MP (góc rộng)2 MP, f/2.4",5000mAh,4289000
Samsung Galaxy S23 FE 8GB/256GB Chính Hãng - BHĐT,Samsung,256GB,8GB,Exynos 2200 (4 nm),6.4,"12 MP, f/2.2, 13mm, 120˚ (góc siêu rộng)50 MP, f/1.8, 24mm (góc rộng)8 MP, f/2.4, 75mm (telephoto), PDAF, 3x optical zoom",4500mAh,16899000
Samsung Galaxy A15 8GB/128GB Likenew - Fullbox,Samsung,128GB,8GB,Mediatek Helio G99 (6nm),6.5,"50 MP, f/1.8, (góc rộng)2 MP, f/2.4 (macro)5 MP, f/2.2 (góc siêu rộng)",5000mAh,4589000
iPhone 12 64GB Cũ 99%,Apple,64GB128GB256GB,4GB,Apple A14 Bionic (5nm),6.1,"12 MP, f/1.6, 26mm (góc rộng)12 MP, f/2.4, 13mm, 120˚ (góc siêu rộng)",2815mAh,12589000
iPhone 11 128GB Chính Hãng VN/A,Apple,128GB,4GB,Apple A13 Bionic (7 nm+),6.1,"12 MP, f/1.8, 26mm (góc rộng)12 MP, f/2.4, 120˚, 13mm (góc siêu rộng)",3110mAh,16989000
iPhone 14 512GB Chính Hãng VN/A,Apple,512GB,6GB,Apple A15 Bionic (5 nm),6.1,"12 MP, f/2.4, 13mm, 120˚ (góc siêu rộng)12 MP f/1.5, 26mm (góc rộng)",3279mAh,28989000
Samsung Galaxy A05 4GB/128GB Chính Hãng - BHĐT,Samsung,128GB,4GB,MediaTek Helio G85 (12nm),6.7,"50 MP, f/1.8, (góc rộng)2 MP, f/2.4 (macro)",5000mAh,3189000
Samsung Galaxy A15 8GB/128GB Chính Hãng,Samsung,128GB,4GB6GB8GB,Mediatek Helio G99 (6nm),6.5,"50 MP, f/1.8, (góc rộng)2 MP, f/2.4 (macro)5 MP, f/2.2 (góc siêu rộng)",5000mAh,5189000
iPhone 14 Plus 128GB Cũ 99%,Apple,128GB,6GB,Apple A15 Bionic (5 nm),6.7,"12 MP, f/2.4, 13mm, 120˚ (góc siêu rộng)12 MP f/1.5, 26mm (góc rộng)",4323mAh,20989000
Samsung Galaxy S24 Plus 12GB/256GB Chính Hãng,Samsung,256GB512GB,12GB,Exynos 2400 (4 nm) 10 nhân,6.7,"50 MP, f/1.8, 24mm (góc rộng), 1/1.56"", 1.0µm, Dual Pixel PDAF, OIS10 MP, f/2.4, 67mm (telephoto), 1/3.94"", 1.0µm, PDAF, OIS, 3x zoom quang học12 MP, f/2.2, 13mm, 120˚ (góc siêu rộng), 1/2.55"" 1.4µm, Chống Rung Video",Li-Ion 4900 mAh,26990000
iPhone 14 Pro 1TB Chính Hãng VN/A,Apple,1TB,6GB,Apple A16 Bionic (4 nm),6.1,"48 MP, f/1.8, 24mm (góc rộng)12 MP, f/2.2, 13mm, 120˚ (góc siêu rộng)TOF 3D LiDAR scanner (depth)12 MP, f/2.8, 77mm (telephoto)",3200mAh,36989000
Samsung Galaxy A35 5G 8GB/128GB Chính Hãng - BHĐT,Samsung,128GB,8GB,Exynos 1380 (5 nm),6.6,"8 MP, f/2.2, 123˚ (góc siêu rộng)5 MP, f/2.4 (macro)50 MP, f/1.8, (góc rộng)",5000mAh,8290000
Xiaomi Redmi Note 13 Pro 4G 8GB/128GB Chính Hãng,Xiaomi,128GB,8GB,Mediatek Helio G99 Ultra,6.67,"2 MP, f/2.4, (depth)8 MP, f/2.2, (góc siêu rộng)200 MP, f/1.7, 23mm (góc rộng)",5000mAh,6789000
iPhone 13 Pro 256GB Cũ 99%,Apple,128GB256GB512GB1TB,6GB,Apple A15 Bionic (5 nm),6.1,"12 MP, f/2.8, 77mm (telephoto)12 MP f/1.5, 26mm (góc rộng)12 MP, f/1.8, 13mm, 120˚ (góc siêu rộng)",3095 mAh,23489000
iPhone 15 Plus 128GB Chính Hãng VN/A,Apple,128GB,6GB,Apple A16 Bionic (4 nm),6.7,"12 MP, f/2.4, 13mm, 120˚ (góc siêu rộng)TOF 3D LiDAR scanner (depth)48 MP, f/1.7, 26mm (góc rộng)",4383 mAh,Cập Nhật
Samsung Galaxy Z Fold6 5G 12GB/512GB Chính Hãng,Samsung,512GB,12GB,Qualcomm SM8550-AC Snapdragon 8 Gen 3 (4 nm),"Màn hình chính: 7.6""Màn hình phụ: 6.3""","50 MP, f/1.8, 23mm (góc rộng), 1.0µm, dual pixel PDAF, OIS10 MP, f/2.4, 66mm (telephoto), 1.0µm, PDAF, OIS, 3x optical zoom12 MP, f/2.2, 123˚, 12mm (góc siêu rộng), 1.12µm",4400mAh,47990000
iPhone 13 Pro Max 128GB Cũ,Apple,128GB,6GB,Apple A15 Bionic (5 nm),6.7,"12 MP, f/2.8, 77mm (telephoto)12 MP f/1.5, 26mm (góc rộng)12 MP, f/1.8, 13mm, 120˚ (góc siêu rộng)",4352mAh,22689000
Xiaomi Redmi Note 12S 8GB/256GB Chính Hãng,Xiaomi,64GB128GB256GB,6GB8GB,Mediatek Helio G96 (12 nm),6.43,"2 MP, f/2.4 (macro)108 MP, f/1.9, 26mm (góc rộng)8 MP, f/2.2, 118˚ (góc siêu rộng)",5000mAh,6689000
iPhone 11 64GB Chính Hãng VN/A,Apple,64GB,4GB,Apple A13 Bionic (7 nm+),6.1,"12 MP, f/1.8, 26mm (góc rộng)12 MP, f/2.4, 120˚, 13mm (góc siêu rộng)",3110mAh,14989000
iPhone 14 Pro 512GB Chính Hãng VN/A,Apple,512GB,6GB,Apple A16 Bionic (4 nm),6.1,"48 MP, f/1.8, 24mm (góc rộng)12 MP, f/2.2, 13mm, 120˚ (góc siêu rộng)TOF 3D LiDAR scanner (depth)12 MP, f/2.8, 77mm (telephoto)",3200mAh,35989000
Samsung Galaxy A25 5G 8GB/128GB Chính Hãng - BHĐT,Samsung,128GB256GB,8GB,Exynos 1280 (5 nm),6.5,"50 MP, f/1.8, (góc rộng)2 MP, f/2.4 (macro)8 MP, f/2.2, 120˚ (góc siêu rộng)",5000mAh,6989000
Oppo A58 4G 6GB/128GB Chính Hãng,Oppo,128GB,6GB,Mediatek MT6769 Helio G85 (12nm),6.72,"2 MP, f/2.4 (macro)50 MP, f/1.8 26mm (góc rộng)",5000mAh,4989000
iPhone 11 Pro 64GB Cũ,Apple,64GB,4GB,Apple A13 Bionic (7 nm+),5.8,"12 MP, f/1.8, 26mm (góc rộng)12 MP, f/2.4, 120˚, 13mm (góc siêu rộng)12 MP, f/2.0, 52mm (telephoto)",3046mAh,10989000
iPhone 12 Pro Max 128GB Cũ,Apple,128GB256GB512GB,6GB,Apple A14 Bionic (5nm),6.7,"12 MP, f/1.6, 26mm (góc rộng)12 MP, f/2.4, 13mm, 120˚ (góc siêu rộng)12 MP, f/2.2, 65mm (telephoto)",3687mAh,Cập Nhật
iPhone 12 Pro Max 512GB Cũ 99%,Apple,128GB256GB512GB,6GB,Apple A14 Bionic (5nm),6.7,"12 MP, f/1.6, 26mm (góc rộng)12 MP, f/2.4, 13mm, 120˚ (góc siêu rộng)12 MP, f/2.2, 65mm (telephoto)",3687mAh,20889000
iPhone 12 Pro 256GB Cũ,Apple,256GB,6GB,Apple A14 Bionic (5nm),6.1,"12 MP, f/1.6, 26mm (góc rộng)12 MP, f/2.4, 13mm, 120˚ (góc siêu rộng)12 MP, f/2.2, 65mm (telephoto)",2815mAh,15089000
iPhone 11 64GB Cũ 99%,Apple,64GB,4GB,Apple A13 Bionic (7 nm+),6.1,"12 MP, f/1.8, 26mm (góc rộng)12 MP, f/2.4, 120˚, 13mm (góc siêu rộng)",3110mAh,Cập Nhật
iPhone 12 Pro 256GB Cũ 99%,Apple,256GB,6GB,Apple A14 Bionic (5nm),6.1,"12 MP, f/1.6, 26mm (góc rộng)12 MP, f/2.4, 13mm, 120˚ (góc siêu rộng)12 MP, f/2.2, 65mm (telephoto)",2815mAh,16189000
iPhone 15 Plus 128GB Likenew,Apple,128GB,6GB,Apple A16 Bionic (4 nm),6.7,"12 MP, f/2.4, 13mm, 120˚ (góc siêu rộng)TOF 3D LiDAR scanner (depth)48 MP, f/1.7, 26mm (góc rộng)",4383 mAh,21999000
Samsung Galaxy M15 5G 6GB/128GB Chính Hãng,Samsung,128GB,6GB, Mediatek Dimensity 6100 Plus,6.45,"2 MP, f/2.4 (macro)2 MP, f/2.4 (xóa phông)50 MP, f/1.8 (góc rộng)",6000mAh,4990000
Samsung Galaxy Z Fold5 5G 12GB/256GB Chính Hãng - BHĐT,Samsung,256GB,12GB,Qualcomm SM8550-AC Snapdragon 8 Gen 2 (4 nm),7.6,"50 MP, f/1.8, 23mm (góc rộng)12 MP, f/2.2, 123˚, 12mm (góc siêu rộng)10 MP, f/2.4, (telephoto), PDAF, OIS, 3x optical zoom",4400mAh,40989000
Xiaomi Redmi A3 3GB/64GB Likenew - Fullbox,Xiaomi,64GB,3GB,Mediatek Helio G36 (12 nm),6.71,"8 MP, f/2.0, (góc rộng)0.08 MP (ống kính phụ)",5000mAh,2490000
iPhone 14 Plus 512GB Cũ 99%,Apple,512GB,6GB,Apple A15 Bionic (5 nm),6.7,"12 MP, f/2.4, 13mm, 120˚ (góc siêu rộng)12 MP f/1.5, 26mm (góc rộng)",4323mAh,22489000
iPhone 11 Pro 256GB Cũ 99%,Apple,256GB,4GB,Apple A13 Bionic (7 nm+),5.8,"12 MP, f/1.8, 26mm (góc rộng)12 MP, f/2.4, 120˚, 13mm (góc siêu rộng)12 MP, f/2.0, 52mm (telephoto)",3046mAh,13189000
iPhone 12 128GB Cũ,Apple,64GB128GB256GB,4GB,Apple A14 Bionic (5nm),6.1,"12 MP, f/1.6, 26mm (góc rộng)12 MP, f/2.4, 13mm, 120˚ (góc siêu rộng)",2815mAh,12589000
iPhone 15 Pro Max 256GB Chính Hãng VN/A,Apple,256GB,8GB,Apple A17 Pro (3 nm),6.7,"TOF 3D LiDAR scanner (depth)48 MP, f/1.8, 24mm (góc rộng), 1/1.28"", 1.22µm, dual pixel PDAF, sensor-shift OIS12 MP, f/2.8, 120mm (ống kính tiềm vọng), 1.12µm, dual pixel PDAF, 3D sensor‑shift OIS, 5x optical zoom",4441 mAh,Cập Nhật
Samsung Galaxy Z Fold6 5G 12GB/256GB Chính Hãng - BHĐT,Samsung,256GB512GB1TB,12GB,Qualcomm SM8550-AC Snapdragon 8 Gen 3 (4 nm),"Màn hình chính: 7.6""Màn hình phụ: 6.3""","50 MP, f/1.8, 23mm (góc rộng), 1.0µm, dual pixel PDAF, OIS10 MP, f/2.4, 66mm (telephoto), 1.0µm, PDAF, OIS, 3x optical zoom12 MP, f/2.2, 123˚, 12mm (góc siêu rộng), 1.12µm",4400mAh,43990000
Samsung Galaxy A55 5G 8GB/128GB Likenew - Fullbox,Samsung,128GB,8GB,Exynos 1480,6.6,"12 MP, f/2.2, 123˚ (góc siêu rộng)5 MP, f/2.4 (macro)50 MP, f/1.8, (góc rộng)",5000mAh,9990000
Samsung Galaxy A05 4GB/128GB Chính Hãng,Samsung,128GB,4GB,MediaTek Helio G85 (12nm),6.7,"50 MP, f/1.8, (góc rộng)2 MP, f/2.4, (depth)",5000mAh,Cập Nhật
Xiaomi Redmi Note 13 Pro 4G 8GB/128GB Likenew - Fullbox,Xiaomi,128GB,8GB,Mediatek Dimensity 6080 (6 nm),6.67,"108 MP, f/1.8 (góc rộng)2 MP, f/2.4, (depth)8 MP, f/2.2, (góc siêu rộng)",5000mAh,6789000
iPhone 15 Pro Max 256GB Likenew - Sim Vật Lý,Apple,256GB512GB1TB,8GB,Apple A17 Pro (3 nm),6.7,"TOF 3D LiDAR scanner (depth)48 MP, f/1.8, 24mm (góc rộng), 1/1.28"", 1.22µm, dual pixel PDAF, sensor-shift OIS12 MP, f/2.8, 120mm (ống kính tiềm vọng), 1.12µm, dual pixel PDAF, 3D sensor‑shift OIS, 5x optical zoom",Đang cập nhật,27799000
iPhone Xs Max 64GB Cũ 99%,Apple,64GB,4GB,Apple A12 Bionic (7 nm),6.5,"12 MP, f/1.8, 26mm (góc rộng)12 MP, f/2.4, 52mm (telephoto)",3174mAh,9489000
Samsung Galaxy Z Fold4 5G 12GB/1TB Chính Hãng - BHĐT,Samsung,1TB,12GB,Qualcomm SM8475 Snapdragon 8+ Gen 1 (4 nm),7.6,"50 MP, f/1.8, 23mm (góc rộng)10 MP, f/2.4, 66mm (telephoto)12 MP, f/2.2, 123˚, 12mm (góc siêu rộng)",4200mAh,49989000
iPhone 13 Pro 128GB Cũ 99%,Apple,128GB256GB512GB1TB,6GB,Apple A15 Bionic (5 nm),6.1,"12 MP, f/2.8, 77mm (telephoto)12 MP f/1.5, 26mm (góc rộng)12 MP, f/1.8, 13mm, 120˚ (góc siêu rộng)",3095 mAh,Cập Nhật
iPhone 14 Pro Max 256GB Cũ - eSIM,Apple,256GB,6GB,Apple A16 Bionic (4 nm),6.7,"48 MP, f/1.8, 24mm (góc rộng)12 MP, f/2.2, 13mm, 120˚ (góc siêu rộng)TOF 3D LiDAR scanner (depth)12 MP, f/2.8, 77mm (telephoto)",4323mAh,27189000
iPhone 15 Pro Max 1TB Chính Hãng VN/A,Apple,1TB,8GB,Apple A17 Pro (3 nm),6.7,"TOF 3D LiDAR scanner (depth)48 MP, f/1.8, 24mm (góc rộng), 1/1.28"", 1.22µm, dual pixel PDAF, sensor-shift OIS12 MP, f/2.8, 120mm (ống kính tiềm vọng), 1.12µm, dual pixel PDAF, 3D sensor‑shift OIS, 5x optical zoom",4441 mAh,46999000
iPhone 15 Pro Max 256GB Cũ,Apple,256GB,8GB,Apple A17 Pro (3 nm),6.7,"TOF 3D LiDAR scanner (depth)48 MP, f/1.8, 24mm (góc rộng), 1/1.28"", 1.22µm, dual pixel PDAF, sensor-shift OIS12 MP, f/2.8, 120mm (ống kính tiềm vọng), 1.12µm, dual pixel PDAF, 3D sensor‑shift OIS, 5x optical zoom",4441 mAh,31999000
Realme C60 4GB/64GB Chính Hãng,Realme,64GB,4GB,Unisoc Tiger T612,6.74,Camera chính 13MPCamera phụ 0.08MP,5000mAh,2790000
iPhone 14 Pro 128GB Cũ,Apple,128GB,6GB,Apple A16 Bionic (4 nm),6.1,"48 MP, f/1.8, 24mm (góc rộng)12 MP, f/2.2, 13mm, 120˚ (góc siêu rộng)TOF 3D LiDAR scanner (depth)12 MP, f/2.8, 77mm (telephoto)",3200mAh,23989000
Samsung Galaxy S24 8GB/512GB Chính Hãng - BHĐT,Samsung,512GB,12GB,Exynos 2400 (4 nm) 10 nhân,6.5,"50 MP, f/1.8, 24mm (góc rộng), 1/1.56"", 1.0µm, Dual Pixel PDAF, OIS10 MP, f/2.4, 67mm (telephoto), 1/3.94"", 1.0µm, PDAF, OIS, 3x zoom quang học12 MP, f/2.2, 13mm, 120˚ (góc siêu rộng), 1/2.55"" 1.4µm, Chống Rung Video",Li-Ion 4900 mAh,22990000
iPhone 14 Pro Max 128GB Cũ - eSIM,Apple,128GB256GB512GB1TB2TB,6GB,Apple A16 Bionic (4 nm),6.7,"48 MP, f/1.8, 24mm (góc rộng)12 MP, f/2.2, 13mm, 120˚ (góc siêu rộng)TOF 3D LiDAR scanner (depth)12 MP, f/2.8, 77mm (telephoto)",4323mAh,24689000
Oppo Find N3 5G 12GB/512GB Chính Hãng,Oppo,512GB,12GB,Qualcomm SM8550-AB Snapdragon 8 Gen 2 (4 nm),"7.82""","48 MP, f/1.7, 24mm (góc rộng), 1/1.43"", 1.12µm, multi-directional PDAF, OIS64 MP, f/2.6, 70mm (telephoto), 1/2.0"", 0.7µm, PDAF, OIS, 3x zoom quang học48 MP, f/2.2, 14mm, 114˚ (góc siêu rộng), 1/2.0"", 0.8µm, PDAF",4805 mAh,44989000
Samsung Galaxy M14 5G 6GB/128GB Chính Hãng - BHĐT,Samsung,128GB,6GB,Exynos 1330 (5nm),6.6,"2 MP, f/2.4 (macro)2 MP, f/2.4 (xóa phông)50 MP, f/1.8 (góc rộng)",6000mAh,5789000
Samsung Galaxy S24 Ultra 12GB/512GB Chính Hãng - BHĐT,Samsung,512GB,12GB,Qualcomm SM8650-AC Snapdragon 8 Gen 3 (4 nm),6.8,"50 MP, f/1.8, 24mm (góc rộng), 1/1.56"", 1.0µm, Dual Pixel PDAF, OIS10 MP, f/2.4, 67mm (telephoto), 1/3.94"", 1.0µm, PDAF, OIS, 3x zoom quang học12 MP, f/2.2, 13mm, 120˚ (góc siêu rộng), 1/2.55"" 1.4µm, Chống Rung Video200 MP, f/1.7, 24mm (wide), 1/1.3"", 0.6µm, PDAF đa hướng, Laser AF, OIS",Li-Ion 5000 mAh,37490000
Samsung Galaxy A04e 4GB/128GB Chính Hãng - BHĐT,Samsung,128GB,4GB,Mediatek MT6765 Helio P35 (12nm),6.5,"13 MP, f/2.2 (góc rộng)",5000mAh,3489000
iPhone 14 Pro 256GB Chính Hãng VN/A,Apple,256GB,6GB,Apple A16 Bionic (4 nm),6.1,"48 MP, f/1.8, 24mm (góc rộng)12 MP, f/2.2, 13mm, 120˚ (góc siêu rộng)TOF 3D LiDAR scanner (depth)12 MP, f/2.8, 77mm (telephoto)",3200mAh,29989000
iPhone 14 Pro Max 128GB Cũ - Sim Vật Lý,Apple,128GB,6GB,Apple A16 Bionic (4 nm),6.7,"48 MP, f/1.8, 24mm (góc rộng)12 MP, f/2.2, 13mm, 120˚ (góc siêu rộng)TOF 3D LiDAR scanner (depth)12 MP, f/2.8, 77mm (telephoto)",4323mAh,24689000
iPhone 15 Pro 128GB Likenew,Apple,128GB,8GB,Apple A17 Pro (3 nm),6.1,"TOF 3D LiDAR scanner (depth)48 MP, f/1.8, 24mm (góc rộng), 1/1.28"", 1.22µm, dual pixel PDAF, sensor-shift OIS12 MP, f/2.8, 120mm (ống kính tiềm vọng), 1.12µm, dual pixel PDAF, 3D sensor‑shift OIS, 5x optical zoom",3.274 mAh,Cập Nhật
Samsung Galaxy A05s 4GB/128GB Chính Hãng - BHĐT,Samsung,128GB,4GB,Snapdragon 680,6.7,"50 MP, f/1.8, (góc rộng)2 MP, f/2.4, (macro)2 MP, f/2.4, (depth)",5000mAh,3989000
Samsung Galaxy A55 5G 8GB/128GB Chính Hãng,Samsung,128GB,8GB,Exynos 1480,6.6,"12 MP, f/2.2, 123˚ (góc siêu rộng)5 MP, f/2.4 (macro)50 MP, f/1.8, (góc rộng)",5000mAh,9990000
iPhone 12 128GB Cũ 99%,Apple,64GB128GB256GB,4GB,Apple A14 Bionic (5nm),6.1,"12 MP, f/1.6, 26mm (góc rộng)12 MP, f/2.4, 13mm, 120˚ (góc siêu rộng)",2815mAh,13789000
iPhone 14 Plus 128GB Cũ,Apple,128GB,6GB,Apple A15 Bionic (5 nm),6.7,"12 MP, f/2.4, 13mm, 120˚ (góc siêu rộng)12 MP f/1.5, 26mm (góc rộng)",4323mAh,20989000
iPhone 13 128GB Cũ 99%,Apple,128GB,4GB,Apple A15 Bionic (5 nm),6.1,"12 MP f/1.5, 26mm (góc rộng)12 MP, f/1.8, 13mm, 120˚ (góc siêu rộng)",3240mAh,16489000
iPhone 14 Plus 128GB Chính Hãng VN/A,Apple,128GB,6GB,Apple A15 Bionic (5 nm),6.7,"12 MP, f/2.4, 13mm, 120˚ (góc siêu rộng)12 MP f/1.5, 26mm (góc rộng)",4323mAh,24989000
Oppo A78 4G 8GB/256GB Chính Hãng,Oppo,128GB256GB,8GB,Qualcomm SM6225 Snapdragon 680 4G (6 nm),6.43,"50 MP, f/1.8, 27mm (góc rộng)2 MP, f/2.4 (xóa phông)",5000mAh,6989000
iPhone 15 Pro Max 512GB Chính Hãng VN/A,Apple,512GB,8GB,Apple A17 Pro (3 nm),6.7,"TOF 3D LiDAR scanner (depth)48 MP, f/1.8, 24mm (góc rộng), 1/1.28"", 1.22µm, dual pixel PDAF, sensor-shift OIS12 MP, f/2.8, 120mm (ống kính tiềm vọng), 1.12µm, dual pixel PDAF, 3D sensor‑shift OIS, 5x optical zoom",4441 mAh,40999000
iPhone 13 128GB Chính Hãng VN/A,Apple,128GB,4GB,Apple A15 Bionic (5 nm),6.1,"12 MP f/1.5, 26mm (góc rộng)12 MP, f/1.8, 13mm, 120˚ (góc siêu rộng)",3240mAh,Cập Nhật
Samsung Galaxy S24 Ultra 12GB/256GB Chính Hãng - BHĐT,Samsung,256GB,12GB,Qualcomm SM8650-AC Snapdragon 8 Gen 3 (4 nm),6.8,"50 MP, f/1.8, 24mm (góc rộng), 1/1.56"", 1.0µm, Dual Pixel PDAF, OIS10 MP, f/2.4, 67mm (telephoto), 1/3.94"", 1.0µm, PDAF, OIS, 3x zoom quang học12 MP, f/2.2, 13mm, 120˚ (góc siêu rộng), 1/2.55"" 1.4µm, Chống Rung Video200 MP, f/1.7, 24mm (wide), 1/1.3"", 0.6µm, PDAF đa hướng, Laser AF, OIS",Li-Ion 5000 mAh,33990000
Samsung Galaxy A15 8GB/128GB Chính Hãng - BHĐT,Samsung,128GB,8GB,Mediatek Helio G99 (6nm),6.5,"50 MP, f/1.8, (góc rộng)2 MP, f/2.4 (macro)5 MP, f/2.2 (góc siêu rộng)",5000mAh,5189000
Samsung Galaxy S24 Ultra 12GB/1TB Chính Hãng - BHĐT,Samsung,1TB,12GB,Qualcomm SM8650-AC Snapdragon 8 Gen 3 (4 nm),6.8,"50 MP, f/1.8, 24mm (góc rộng), 1/1.56"", 1.0µm, Dual Pixel PDAF, OIS10 MP, f/2.4, 67mm (telephoto), 1/3.94"", 1.0µm, PDAF, OIS, 3x zoom quang học12 MP, f/2.2, 13mm, 120˚ (góc siêu rộng), 1/2.55"" 1.4µm, Chống Rung Video200 MP, f/1.7, 24mm (wide), 1/1.3"", 0.6µm, PDAF đa hướng, Laser AF, OIS",Li-Ion 5000 mAh,44490000
iPhone 11 Pro Max 64GB Cũ 99%,Apple,64GB,4GB,Apple A13 Bionic (7 nm+),6.5,"12 MP, f/1.8, 26mm (góc rộng)12 MP, f/2.4, 120˚, 13mm (góc siêu rộng)12 MP, f/2.0, 52mm (telephoto)",3969mAh,13789000
Xiaomi Redmi Note 13 8GB/128GB Chính Hãng,Xiaomi,128GB,8GB,Snapdragon 685 8 nhân,6.67,"108 MP, f/1.8 (góc rộng)2 MP, f/2.4, (depth)8 MP, f/2.2, (góc siêu rộng)",5000mAh,5889000
iPhone 15 Plus 256GB Likenew,Apple,256GB,6GB,Apple A16 Bionic (4 nm),6.7,"12 MP, f/2.4, 13mm, 120˚ (góc siêu rộng)TOF 3D LiDAR scanner (depth)48 MP, f/1.7, 26mm (góc rộng)",Đang cập nhật,21999000
iPhone SE 2022 64GB Cũ,Apple,64GB,4GB,Apple A13 Bionic (7 nm+),4.7,"12 MP, f/1.8 (góc rộng)",2018mAh,6289000
iPhone 12 Pro 128GB Cũ 99%,Apple,128GB,6GB,Apple A14 Bionic (5nm),6.1,"12 MP, f/1.6, 26mm (góc rộng)12 MP, f/2.4, 13mm, 120˚ (góc siêu rộng)12 MP, f/2.2, 65mm (telephoto)",2815mAh,Cập Nhật
iPhone 15 Pro 256GB Chính Hãng VN/A,Apple,256GB,8GB,Apple A17 Pro (3 nm),6.1,"TOF 3D LiDAR scanner (depth)48 MP, f/1.8, 24mm (góc rộng), 1/1.28"", 1.22µm, dual pixel PDAF, sensor-shift OIS12 MP, f/2.8, 120mm (ống kính tiềm vọng), 1.12µm, dual pixel PDAF, 3D sensor‑shift OIS, 5x optical zoom",4441 mAh,31999000
Samsung Galaxy A35 5G 8GB/128GB Chính Hãng,Samsung,128GB,8GB,Exynos 1380 (5 nm),6.6,"8 MP, f/2.2, 123˚ (góc siêu rộng)5 MP, f/2.4 (macro)50 MP, f/1.8, (góc rộng)",5000mAh,8290000
Oppo A18 4GB/128GB Chính Hãng,Oppo,128GB,4GB,Mediatek MT6769 Helio G85 (12nm),6.56,"8 MP, f/2.0, (góc rộng), AF2 MP, f/2.4, (depth)",5000mAh,4989000
Oppo Reno 11 F 5G 8GB/256GB Chính Hãng,Oppo,256GB,8GB,Mediatek Dimensity 7050 (6 nm),6.7,"2 MP, f/2.4, (macro)64 MP, f/1.7, 25mm (góc rộng), 1/2.0"", 0.7µm, PDAF8 MP, f/2.2, 16mm, 112˚ (góc siêu rộng), 1/4.0"", 1.12µm",5000mAh,8990000
iPhone 15 Plus 256GB Cũ,Apple,256GB,6GB,Apple A16 Bionic (4 nm),6.7,"12 MP, f/2.4, 13mm, 120˚ (góc siêu rộng)TOF 3D LiDAR scanner (depth)48 MP, f/1.7, 26mm (góc rộng)",Đang cập nhật,20999000
iPhone 14 128GB Cũ 99%,Apple,128GB,6GB,Apple A15 Bionic (5 nm),6.1,"12 MP, f/2.4, 13mm, 120˚ (góc siêu rộng)12 MP f/1.5, 26mm (góc rộng)",3279mAh,17989000
Xiaomi Redmi A3 3GB/64GB Chính Hãng,Xiaomi,64GB,3GB,Mediatek Helio G36 (12 nm),6.71,"8 MP, f/2.0, (góc rộng)0.08 MP (ống kính phụ)",5000mAh,2490000
Samsung Galaxy S24 Ultra 12GB/512GB Chính Hãng,Samsung,256GB512GB1TB,12GB,Qualcomm SM8650-AC Snapdragon 8 Gen 3 (4 nm),6.8,"50 MP, f/1.8, 24mm (góc rộng), 1/1.56"", 1.0µm, Dual Pixel PDAF, OIS10 MP, f/2.4, 67mm (telephoto), 1/3.94"", 1.0µm, PDAF, OIS, 3x zoom quang học12 MP, f/2.2, 13mm, 120˚ (góc siêu rộng), 1/2.55"" 1.4µm, Chống Rung Video200 MP, f/1.7, 24mm (wide), 1/1.3"", 0.6µm, PDAF đa hướng, Laser AF, OIS",Li-Ion 5000 mAh,37490000
iPhone 14 Pro Max 512GB Chính Hãng VN/A,Apple,512GB,6GB,Apple A16 Bionic (4 nm),6.7,"48 MP, f/1.8, 24mm (góc rộng)12 MP, f/2.2, 13mm, 120˚ (góc siêu rộng)TOF 3D LiDAR scanner (depth)12 MP, f/2.8, 77mm (telephoto)",4323mAh,37989000
Samsung Galaxy Z Flip6 5G 12GB/512GB Chính Hãng - BHĐT,Samsung,512GB,12GB,Qualcomm SM8650-AB Snapdragon 8 Gen 3 (4 nm),"Màn hình chính: 6.7""Màn hình phụ: 3.4""","12 MP, f/2.2, 123˚ (ultrawide), 1.12µm50 MP, f/1.8, 23mm (wide), 1.0µm, dual pixel PDAF, OIS",4000mAh,32900000
Samsung Galaxy S24 Plus 12GB/512GB Chính Hãng - BHĐT,Samsung,512GB,12GB,Exynos 2400 (4 nm) 10 nhân,6.5,"50 MP, f/1.8, 24mm (góc rộng), 1/1.56"", 1.0µm, Dual Pixel PDAF, OIS10 MP, f/2.4, 67mm (telephoto), 1/3.94"", 1.0µm, PDAF, OIS, 3x zoom quang học12 MP, f/2.2, 13mm, 120˚ (góc siêu rộng), 1/2.55"" 1.4µm, Chống Rung Video",Li-Ion 4900 mAh,30490000
Samsung Galaxy Z Fold5 5G 12GB/512GB Chính Hãng - BHĐT,Samsung,512GB,12GB,Qualcomm SM8550-AC Snapdragon 8 Gen 2 (4 nm),7.6,"50 MP, f/1.8, 23mm (góc rộng)12 MP, f/2.2, 123˚, 12mm (góc siêu rộng)10 MP, f/2.4, (telephoto), PDAF, OIS, 3x optical zoom",4400mAh,42989000
Oppo Find N3 Flip 5G 12GB/256GB Chính Hãng,Oppo,256GB,12GB,Qualcomm SM8550-AB Snapdragon 8 Gen 2 (4 nm),6.8,"48 MP, f/2.2, 14mm, 114˚ (góc siêu rộng), 1/2.0"", 0.8µm, PDAF50 MP, f/1.8, 24mm (góc rộng), 1/1.56"", 1.0µm, multi-directional PDAF, OIS32 MP, f/2.0, 47mm (telephoto), 2x optical zoom, PDAF",4300mAh,22989000
Samsung Galaxy A24 8GB/128GB Chính Hãng - BHĐT,Samsung,128GB,6GB8GB,Mediatek MT8781 Helio G99 (6nm),6.5,"50 MP, f/1.8, (góc rộng)5 MP, f/2.2, 123˚ (góc siêu rộng)2 MP, f/2.4 (macro)",5000mAh,6989000
iPhone Xs 64GB Cũ 99%,Apple,64GB,4GB,Apple A12 Bionic (7 nm),5.8,"12 MP, f/1.8, 26mm (góc rộng)12 MP, f/2.4, 52mm (telephoto)",2658mAh,7789000
Oppo A60 8GB/128GB Chính Hãng,Oppo,128GB,8GB,Qualcomm SM6225 Snapdragon 680 4G (6 nm),6.56,"50 MP, f/1.8, (góc rộng)2 MP, f/2.4, (độ sâu)",5000mAh,5490000
Samsung Galaxy Z Fold6 5G 12GB/256GB Chính Hãng,Samsung,256GB,12GB,Qualcomm SM8550-AC Snapdragon 8 Gen 3 (4 nm),"Màn hình chính: 7.6""Màn hình phụ: 6.3""","50 MP, f/1.8, 23mm (góc rộng), 1.0µm, dual pixel PDAF, OIS10 MP, f/2.4, 66mm (telephoto), 1.0µm, PDAF, OIS, 3x optical zoom12 MP, f/2.2, 123˚, 12mm (góc siêu rộng), 1.12µm",4400mAh,43990000
Samsung Galaxy A35 5G 8GB/128GB Likenew - Fullbox,Samsung,128GB,8GB,Exynos 1380 (5 nm),6.6,"8 MP, f/2.2, 123˚ (góc siêu rộng)5 MP, f/2.4 (macro)50 MP, f/1.8, (góc rộng)",5000mAh,8290000
Xiaomi Redmi Note 13 6GB/128GB Chính Hãng,Xiaomi,128GB,6GB,Snapdragon 685 8 nhân,6.67,"108 MP, f/1.8 (góc rộng)2 MP, f/2.4, (depth)8 MP, f/2.2, (góc siêu rộng)",5000mAh,4799000
Samsung Galaxy M15 5G 4GB/128GB Chính Hãng,Samsung,128GB,4GB, Mediatek Dimensity 6100 Plus,6.45,"2 MP, f/2.4 (macro)2 MP, f/2.4 (xóa phông)50 MP, f/1.8 (góc rộng)",6000mAh,4690000
iPhone 15 256GB Chính Hãng VN/A,Apple,256GB,6GB,Apple A16 Bionic (4 nm),6.1,"12 MP, f/2.4, 13mm, 120˚ (góc siêu rộng)TOF 3D LiDAR scanner (depth)48 MP, f/1.7, 26mm (góc rộng)",3279 mAh,25999000
iPhone 8 Plus 64GB Cũ,Apple,64GB,3GB,Apple A11 Bionic (10 nm),5.5,"12 MP, f/1.8, 28mm (góc rộng)12 MP, f/2.8, 57mm",2691mAh,5689000
Samsung Galaxy S23 FE 8GB/128GB Chính Hãng - BHĐT,Samsung,128GB,8GB,Exynos 2200 (4 nm),6.4,"12 MP, f/2.2, 13mm, 120˚ (góc siêu rộng)50 MP, f/1.8, 24mm (góc rộng)8 MP, f/2.4, 75mm (telephoto), PDAF, 3x optical zoom",4500mAh,14899000
iPhone 8 Plus 64GB Cũ 99%,Apple,64GB,3GB,Apple A11 Bionic (10 nm),5.5,"12 MP, f/1.8, 28mm (góc rộng)12 MP, f/2.8, 57mm",2691mAh,6189000
Samsung Galaxy A04e 3GB/64GB Chính Hãng - BHĐT,Samsung,64GB,3GB,Mediatek MT6765 Helio P35 (12nm),6.5,"13 MP, f/2.2 (góc rộng)2 MP, f/2.4 (xóa phông)",5000mAh,3189000
iPhone 13 Pro 128GB Cũ,Apple,128GB256GB512GB1TB,6GB,Apple A15 Bionic (5 nm),6.1,"12 MP, f/2.8, 77mm (telephoto)12 MP f/1.5, 26mm (góc rộng)12 MP, f/1.8, 13mm, 120˚ (góc siêu rộng)",3095 mAh,21189000
iPhone 11 Pro Max 256GB Cũ,Apple,256GB,4GB,Apple A13 Bionic (7 nm+),6.5,"12 MP, f/1.8, 26mm (góc rộng)12 MP, f/2.4, 120˚, 13mm (góc siêu rộng)12 MP, f/2.0, 52mm (telephoto)",3969mAh,14789000
Xiaomi Redmi A2+ 3GB/64GB Chính Hãng,Xiaomi,64GB,3GB,Mediatek Helio G36 (12 nm),6.52,"8 MP, f/2.0, (góc rộng)0.08 MP (Thấu kính hỗ trợ)",5000mAh,Cập Nhật
iPhone 15 Plus 128GB Cũ,Apple,128GB,6GB,Apple A16 Bionic (4 nm),6.7,"12 MP, f/2.4, 13mm, 120˚ (góc siêu rộng)TOF 3D LiDAR scanner (depth)48 MP, f/1.7, 26mm (góc rộng)",4383 mAh,20999000
iPhone 15 Plus 256GB Mới Trần - Chưa kích hoạt,Apple,256GB,6GB,Apple A16 Bionic (4 nm),6.7,"12 MP, f/2.4, 13mm, 120˚ (góc siêu rộng)TOF 3D LiDAR scanner (depth)48 MP, f/1.7, 26mm (góc rộng)",Đang cập nhật,21999000
Oppo A60 8GB/256GB Chính Hãng,Oppo,256GB,8GB,Qualcomm SM6225 Snapdragon 680 4G (6 nm),6.67,"50 MP, f/1.8, (góc rộng)2 MP, f/2.4, (độ sâu)",5000mAh,6490000
iPhone 14 Plus 128GB Cũ - Sim Vật Lý Cũ 99%,Apple,128GB,6GB,Apple A15 Bionic (5 nm),6.7,"12 MP, f/2.4, 13mm, 120˚ (góc siêu rộng)12 MP f/1.5, 26mm (góc rộng)",4323mAh,Cập Nhật
iPhone 15 Pro 128GB Cũ,Apple,128GB,8GB,Apple A17 Pro (3 nm),6.1,"TOF 3D LiDAR scanner (depth)48 MP, f/1.8, 24mm (góc rộng), 1/1.28"", 1.22µm, dual pixel PDAF, sensor-shift OIS12 MP, f/2.8, 120mm (ống kính tiềm vọng), 1.12µm, dual pixel PDAF, 3D sensor‑shift OIS, 5x optical zoom",3.274 mAh,Cập Nhật
Samsung Galaxy S24 Ultra 12GB/256GB Chính Hãng,Samsung,256GB512GB1TB,12GB,Qualcomm SM8650-AC Snapdragon 8 Gen 3 (4 nm),6.8,"50 MP, f/1.8, 24mm (góc rộng), 1/1.56"", 1.0µm, Dual Pixel PDAF, OIS10 MP, f/2.4, 67mm (telephoto), 1/3.94"", 1.0µm, PDAF, OIS, 3x zoom quang học12 MP, f/2.2, 13mm, 120˚ (góc siêu rộng), 1/2.55"" 1.4µm, Chống Rung Video200 MP, f/1.7, 24mm (wide), 1/1.3"", 0.6µm, PDAF đa hướng, Laser AF, OIS",Li-Ion 5000 mAh,33990000
Samsung Galaxy M15 5G 4GB/128GB Chính Hãng - BHĐT,Samsung,128GB,4GB, Mediatek Dimensity 6100 Plus,6.45,"2 MP, f/2.4 (macro)2 MP, f/2.4 (xóa phông)50 MP, f/1.8 (góc rộng)",6000mAh,4690000
Samsung Galaxy Z Fold6 5G 12GB/512GB Chính Hãng - BHĐT,Samsung,512GB,12GB,Qualcomm SM8550-AC Snapdragon 8 Gen 3 (4 nm),"Màn hình chính: 7.6""Màn hình phụ: 6.3""","50 MP, f/1.8, 23mm (góc rộng), 1.0µm, dual pixel PDAF, OIS10 MP, f/2.4, 66mm (telephoto), 1.0µm, PDAF, OIS, 3x optical zoom12 MP, f/2.2, 123˚, 12mm (góc siêu rộng), 1.12µm",4400mAh,47990000
iPhone 11 Pro Max 256GB Cũ 99%,Apple,256GB,4GB,Apple A13 Bionic (7 nm+),6.5,"12 MP, f/1.8, 26mm (góc rộng)12 MP, f/2.4, 120˚, 13mm (góc siêu rộng)12 MP, f/2.0, 52mm (telephoto)",3969mAh,15789000
iPhone 15 128GB Chính Hãng VN/A,Apple,128GB,6GB,Apple A16 Bionic (4 nm),6.1,"12 MP, f/2.4, 13mm, 120˚ (góc siêu rộng)TOF 3D LiDAR scanner (depth)48 MP, f/1.7, 26mm (góc rộng)",3279mAh,Cập Nhật
Samsung Galaxy S24 Plus 12GB/512GB Chính Hãng,Samsung,256GB512GB,12GB,Exynos 2400 (4 nm) 10 nhân,6.7,"50 MP, f/1.8, 24mm (góc rộng), 1/1.56"", 1.0µm, Dual Pixel PDAF, OIS10 MP, f/2.4, 67mm (telephoto), 1/3.94"", 1.0µm, PDAF, OIS, 3x zoom quang học12 MP, f/2.2, 13mm, 120˚ (góc siêu rộng), 1/2.55"" 1.4µm, Chống Rung Video",Li-Ion 4900 mAh,30490000
Samsung Galaxy S24 8GB/256GB Chính Hãng,Samsung,256GB512GB1TB,8GB,Exynos 2400 (4 nm) 10 nhân,6.2,"50 MP, f/1.8, 24mm (góc rộng), 1/1.56"", 1.0µm, Dual Pixel PDAF, OIS10 MP, f/2.4, 67mm (telephoto), 1/3.94"", 1.0µm, PDAF, OIS, 3x zoom quang học12 MP, f/2.2, 13mm, 120˚ (góc siêu rộng), 1/2.55"" 1.4µm, Chống Rung Video",Li-Ion 4000 mAh,22990000
iPhone 14 Plus 256GB Cũ 99%,Apple,256GB,6GB,Apple A15 Bionic (5 nm),6.7,"12 MP, f/2.4, 13mm, 120˚ (góc siêu rộng)12 MP f/1.5, 26mm (góc rộng)",4323mAh,21989000
iPhone 15 Plus 128GB Mới Trần - Chưa kích hoạt,Apple,128GB,6GB,Apple A16 Bionic (4 nm),6.7,"12 MP, f/2.4, 13mm, 120˚ (góc siêu rộng)TOF 3D LiDAR scanner (depth)48 MP, f/1.7, 26mm (góc rộng)",Đang cập nhật,Cập Nhật
iPhone 15 Pro 128GB Mới Trần - Chưa Kích Hoạt,Apple,128GB256GB512GB1TB,8GB,Apple A17 Pro (3 nm),6.1,"TOF 3D LiDAR scanner (depth)48 MP, f/1.8, 24mm (góc rộng), 1/1.28"", 1.22µm, dual pixel PDAF, sensor-shift OIS12 MP, f/2.8, 120mm (ống kính tiềm vọng), 1.12µm, dual pixel PDAF, 3D sensor‑shift OIS, 5x optical zoom",3.274 mAh,26999000
iPhone 14 Pro Max 256GB Cũ 99% - eSIM,Apple,256GB,6GB,Apple A16 Bionic (4 nm),6.7,"48 MP, f/1.8, 24mm (góc rộng)12 MP, f/2.2, 13mm, 120˚ (góc siêu rộng)TOF 3D LiDAR scanner (depth)12 MP, f/2.8, 77mm (telephoto)",4323mAh,35990000
iPhone 15 512GB Chính Hãng VN/A,Apple,512GB,6GB,Apple A16 Bionic (4 nm),6.1,"12 MP, f/2.4, 13mm, 120˚ (góc siêu rộng)TOF 3D LiDAR scanner (depth)48 MP, f/1.7, 26mm (góc rộng)",3279 mAh,31999000
Samsung Galaxy S24 8GB/512GB Chính Hãng,Samsung,256GB512GB,8GB,Exynos 2400 (4 nm) 10 nhân,6.2,"50 MP, f/1.8, 24mm (góc rộng), 1/1.56"", 1.0µm, Dual Pixel PDAF, OIS10 MP, f/2.4, 67mm (telephoto), 1/3.94"", 1.0µm, PDAF, OIS, 3x zoom quang học12 MP, f/2.2, 13mm, 120˚ (góc siêu rộng), 1/2.55"" 1.4µm, Chống Rung Video",Li-Ion 4000 mAh,26490000
Oppo Reno 10 5G 8GB/256GB Chính Hãng,Oppo,256GB,8GB,Mediatek MT6877V Dimensity 7050 (6 nm),6.7,"64 MP, f/1.7, 25mm (góc rộng)32 MP, f/2.0, 47mm (telephoto)8 MP, f/2.2, 112˚ (góc siêu rộng)",5000mAh,10900000
iPhone 12 Pro 128GB Cũ,Apple,128GB,6GB,Apple A14 Bionic (5nm),6.1,"12 MP, f/1.6, 26mm (góc rộng)12 MP, f/2.4, 13mm, 120˚ (góc siêu rộng)12 MP, f/2.2, 65mm (telephoto)",2815mAh,Cập Nhật
