Kích thước màn hình,CPU,Hệ điều hành,Bộ nhớ trong,RAM,Camera chính,Camera phụ,Dung lượng pin,Màu sắc,Độ phân giải màn hình,Sạc nhanh,Hãng sản xuất,Tình trạng SP,Product,Tính năng màn hình,Thẻ sim,Màn Hinh Phụ,Thương hiệu,Tình trạng máy,Tình trạng sản phẩm,Thương hiệu sản phẩm,Thẻ nhớ,Khả năng kết nối,Loại CPU,Kích thước,Quay Phim,Trọng lượng,Wifi,Công nghệ màn hình,Nhà sản xuất,Màn hình,Camera ngoài,GPU,Phụ kiện đi kèm,Hãng,Chipset,Cân nặng,Màn hình ngoài,"Kích thước, trọng lượng",Độ phân giải,hỗ trợ mạng
6.7 inches,Helio G85,Android 13,128GB,4GB,50MP - 2MP,8MP,5000 mAh,"Black, Silver, Green",720 x 1600 pixels,25W,Samsung,New,Samsung Galaxy A05 (4G) 4GB 128GB Chính Hãng,,,,,,,,,,,,,,,,,,,,,,,,,,,
,,,,,,,,,,,,,Samsung Galaxy A14 (4G) 4GB 128GB Chính Hãng (Demo),,,,,,,,,,,,,,,,,,,,,,,,,,,
"6,1 inches",Apple A15 Bionic,iOS 16,128GB,6 GB,Camera góc rộng: 12MP Camera góc siêu rộng: 12MP,,"3,279mAh","Black,Starlight,Red,Blue,Purple,Yellow",,,Apple,new,iPhone 14 128GB VNA - Tặng BH rơi vỡ vào nước,Tần số quét 60Hz,,,,,,,,,,,,,,,,,,,,,,,,,,
7.0 inches,Unisoc T606 (12 nm),Android,256GB,8GB,16MP - 2MP - 2MP,8MP,5000mAh,"Black, Gold",1600 x 720 Pixels,,INOI,New,INOI Note 13s 8GB 256GB Chính Hãng,,,,,,,,,,,,,,,,,,,,,,,,,,,
6.1 inch,Apple A16 Bionic,iOS 16,128GB,6GB,Camera chính: 48MP Camera góc siêu rộng: 12MP Camera tele: 12MP,,"3,200mAh","Silver,Space Black,Gold,Deep Purple",,,Apple,new,iPhone 14 Pro 128GB VN/A - Tặng BH rơi vỡ vào nước,,"2 Nano SIM (SIM 2 chung khe thẻ nhớ), Hỗ trợ 5G",,,,,,,,,,,,,,,,,,,,,,,,,
6.7 inches,Snapdragon 8 Gen 2 for Galaxy,"Android 13, One UI 5.1",256 GB,8Gb,12MP - 12MP,10 MP,3700 mAh,"Ocean Green,Lavender,Graphite Black,Cream",1080 x 2640 pixels,Sạc nhanh 25W,Samsung,new,Samsung Galaxy Z Flip5 8GB 256GB Chính Hãng,,,"3,4 inchs",,,,,,,,,,,,,,,,,,,,,,,,
11.0 inches,Snapdragon 680 4G (6 nm),"Android 13, MIUI Pad 14",128GB,6GB,8MP,5MP,Li-Po 8000 mAh,"Purplr, Gray, Mint",1200 x 1920 pixels,18W,Xiaomi,New,Xiaomi Redmi Pad SE 6GB 128GB Box,,,,,,,,,,,,,,,,,,,,,,,,,,,
6.1 inch,Snapdragon 8 Gen 1 8 nhân,"Android 12, One UI 4",256 GB,8 GB,50MP – 10MP – 12MP,10 MP,Li-lon 3700 mAh,"Rose Gold,Aura White,Mystic Green,Aura Black",1080 x 2340 pixels (FullHD+),Sạc nhanh 25W,,,Samsung Galaxy S22 (5G) 8GB 256GB Chính hãng,,2 nano SIM,,Samsung,New,,,,,,,,,,,,,,,,,,,,,,
6.43 inches,MediaTek Dimensity 900 5G,"Android 11, ColorOS 12",256 GB,8 GB,64MP – 8MP – 2MP,32 MP,4500 mAh,"Black,Blue",,,,new,Oppo Reno 7 (5G) 8GB 256GB Chính hãng,,2 nano SIM,,Oppo,,NEW,OPPO,,,,,,,,,,,,,,,,,,,,
6.6 inch,MediaTek MT6891Z Dimensity 1100 (6 nm),"Android 11, MIUI 12.5 for POCO",128GB,8Gb,64MP – 8MP – 2MP,16 MP,5000 mAh,"Black,Blue,White",1080 x 2400 pixels,67W,,new,Xiaomi Poco X3 GT 8GB 128GB Chính Hãng,,,,Xiaomi,,,,,,,,,,,,,,,,,,,,,,,
6.52 inches,MediaTek Helio G36,Android 13 (Go Edition),32GB,2GB,2 Camera chính: 8MP - f/2.0,5MP - f/2.2,5000 mAh,"Xanh dương, Đen, Xanh lá",1600 x 720 pixels (HD+),10W,,,Xiaomi Redmi A2 2GB 32GB Chính Hãng,,2 SIM (Nano-SIM),,,,Mới,Xiaomi,"MicroSD, hỗ trợ tối đa 1 TB","Jack tai nghe 3.5 Có Hỗ trợ mạng 4G, Bluetooth v5.0 A2DP LE GPS BEIDOU GPS GLONASS GALILEO","Octa-core processor, up to 2.2GHz",164.90 x 76.75 x 9.09mm,1080p | 1920 x 1080@30fps 720p | 1280 x 720@30fps,192g,Supports 2.4GHz Wi-Fi,,,,,,,,,,,,,
6.67 inches,Snapdragon 8 Gen 3 (4 nm),"Android 14, HyperOS",256GB,16G6,50MP - 50MP - 12MP,16MP,5000 mAh,"Black, Blue, White",1440 x 3200 pixels,120W,Xiaomi,New,Xiaomi Redmi K70 Pro 16GB 256GB Box,,,,,,,,,,,,,,,,,,,,,,,,,,,
6.6 inches,MediaTek Dimensity 8100 (5 nm),"Androi 12, MIUI 13",128GB,8Gb,64MP – 8MP – 2MP,16 MP,5080mAh,"White,Blue,Silver,Black",1080 x 2460 pixels,67W,,new,Xiaomi Redmi Note 11T Pro (5G) 8GB 256GB Box,,,,Xiaomi,,,,,,,,,,,,,,,,,,,,,,,
6.43 inch,MediaTek MT6893 Dimensity 1200 (6 nm),"Android 11, Realme UI 2.0",256 GB,12 GB,64MP – 8MP – 2MP,16 MP,4500 mAh,"Black,White",1080 x 2400 pixels,65w,,new,Realme GT Neo 2T 12GB 256GB Box,,,,Realme,,,,,,,,,,,,,,,,,,,,,,,
6.4 inches,Exynos 1380,"Android 13, One UI 5.1",256 GB,8Gb,50MP -12MP - 5MP,32.0 MP,5000 mAh,"Green,Black,Purple",1080 x 2400 pixels,Sạc nhanh 25W,Samsung,new,Samsung Galaxy A54 (5G) 8GB 256GB Chính Hãng,,,,,,,,,,,,,,,,,,,,,,,,,,,
6.67 inches,Dimensity 8300 Ultra (4 nm),"Android 14, HyperOS",256GB,12GB,64MP - 8MP - 2MP,16MP,5500 mAh,"Black, Green, White",1220 x 2712 pixels,90W,Xiaomi,New,Xiaomi Redmi K70E 12GB 256GB Box,,,,,,,,,,,,,,,,,,,,,,,,,,,
6.58 inches,MediaTek MT6833 Dimensity 700 5G (7nm) 8 nhân,"Android 12, MIUI 13",64GB,4GB,"13MP, f/2.2, Chụp góc rộng, Lấy nét tự động theo pha PDAF","5MP, f/2.2, Góc rộng",5000 mAh,"Yellow,Black,Blue",1080 x 2408 pixels,sạc nhanh 18W,,new,Xiaomi Poco M4 (5G) 4GB 64GB Chính Hãng,,,,,,,,microSDXC,,,,,,,IPS LCD,Xiaomi,,,,,,,,,,,
,Apple A16 Bionic,iOS 16,128GB,6GB,Camera chính: 48MP Camera góc siêu rộng: 12MP Camera tele: 12MP,,3.349 mAh,"Space Black, Starlight, Yellow, Green, Pink",,,,new,iPhone 15 128GB VN/A - Tặng BH rơi vỡ vào nước,,,,Apple,mới,,,,,,,,,,,,6.1 inches,,,,,,,,,,
"1,8 inch",Unisoc T107,,128MB,48MB,0.08MP,,1000 mAh,Black,128 X 160,,INOI,New,INOI 240 (4G) Chính Hãng,,2 sim,,,,,,,,,,,,,,,,,,,,,,,,,
"6,74 inches",Unisoc T612,Android 13,64GB,4GB,13MP,5MP,5000mAh,"Black, Blue",HD+,,Realme,New,Realme C60 4GB 64GB Chính Hãng ,,,,,,,,,,,,,,,,,,,,,,,,,,,
6.6 inches,Unisoc T606 (12 nm),"Android 13 (Go edition), HIOS 13",64GB,4GB,"13MP - 0,08MP",8MP,5000 mAh,"Black, Green, White, Yellow",720 x 1612 pixels,10W,Tecno,,TECNO Spark Go 2024 (4+4GB/64GB) - Chính Hãng,,,,,,,,,,,,,,,,,,,,,,,,,,,
6.67 inches,Mediatek Dimensity 9200+ (4 nm),"Android 13, MIUI 14",256 GB,16 GB,50Mp + 8MP + 2MP,20 MP,5000 mAh,"White,Green,Black",1220 x 2712 pixels,Sạc nhanh 120W,Xiaomi,new,Xiaomi Redmi K60 Ultra (5G) 16GB 256GB Box,,,,,,,,,,,,,,,,,,,,,,,,,,,
6.43 inch,Qualcomm SM6225 Snapdragon 680 4G (6 nm),"Android 12, ColorOS 12.1",256 GB,8Gb,64MP - 2MP - 2MP,32 MP,4500 mAh,"Gold,Black",1080 x 2400 pixels,,,new,Oppo Reno 8 (4G) 8GB 256GB Chính Hãng,,,,Oppo,,,,,,,,,,,,,,,,,,,,,,,
4.7 inches,Apple A15 Bionic,IOS 15,256 GB,,12 MP,7 MP,,,1334 x 750 pixels (HD+),,,,iPhone SE 3 2022 256GB,,1 Nano SIM & 1 eSIM,,Apple,New,,,,,6-core CPU,138.4 x 67.3 x 7.3 mm,,,,,,,,,,,,,,,,
6.74 inchs,Snapdragon 7+ Gen 2,"Android 13, Realme UI 4.0",256 GB,12 GB,64MP – 8MP – 2MP,16 MP,5500 mAh,"Blue,Black,White",1240 x 2772 pixels,100W,Realme,new,Realme GT Neo 5 SE 12GB 256GB Box,,,,,,,,,,,,,,,,,,,,,,,,,,,
6.67 inches,Qualcomm Snapdragon 870,"Androi 12, MIUI 13",128GB,8Gb,48MP + 8MP + 2MP,20 MP,4500 mAh,"Green,Silver,Blue,Black",1080 x 2400 pixels,67W,,new,Xiaomi Redmi K40s (5G) 8GB 128GB Box,,,,Xiaomi,,,,,,,,,,,,,,,,,,,,,,,
6.6 inches,Unisoc SC9863A,Android,64GB,4GB,13MP - 2MP,5MP,5000mAh,"Gray, Blue, Purple",720x1612 Pixels,,ZTE,New,ZTE Blade A54 4GB 64GB Chính Hãng,,,,,,,,,,,,,,,,,,,,,,,,,,,
,MediaTek Helio G35,Android 11,64GB,4GB,13 MP,5 MP,4230 mAh,"Black,Blue",,,,new,Oppo A16K 4GB 64GB Chính hãng,,2 Nano SIMHỗ trợ 4G,,Oppo,,NEW,OPPO,,,,,,,,,,"IPS LCD, 6.52"", HD+",,,,,,,,,,
6.67 inches,Snapdragon 4 Gen 1,,128GB,4GB,"48 MP, (góc rộng), 0.8µm, PDAF 2 MP, f/2.4, (độ sâu) Quay phim: 1080p@30/60fps","8 MP, f/2.0, (góc rộng), 1/4"", 1.12µm Quay phim: 1080p@30fps",Li-Po 5000 mAh,"Black,Blue,Silver",,,,new,Xiaomi Redmi Note 12 5G 4GB 128GB,,,,Xiaomi,,,,,,,,,,,,,,,,,,,,,,,
6.58 inches,MediaTek Helio G99 (6nm),Android 12,64GB,4 GB,"Camera góc rộng: 50 MP, f/1.8, PDAF Camera macro: 2 MP, f/2.4 Camera góc sâu: 2 MP, f/2.4","Camera góc rộng: 5 MP, f/2.2, 1 / 5.0 "", 1.12µm",Li-Po 5000 mAh,"Yellow,Blue,Black",1080 x 2408 pixels,,,new,Xiaomi PoCo M5 4GB 64GB Chính hãng,"Kính cường lực Corning Gorilla Glass 3Tần số quét 90 Hz, 500 nits",2 SIM (Nano-SIM),,Xiaomi,,,,,,,,,,,IPS LCD,,,,,,,,,,,,
,Snapdragon 888 (5nm),Android 11,256 GB,12 GB,"Tele: 12MP, F2.4","4MP, F1.8",4400 mAh Sạc nhanh 25W/Sạc không dây 10W Chia sẻ Pin không dây,"Black,Silver,Green","Màn hình phụ: 6.2 inch, 2268 x 832 (HD+), Dynamic AMOLED 2X 120Hz",,,,Samsung Galaxy Z Fold3 5G Chính Hãng,,Nano SIM + eSIM,,Samsung,New,,,,,,,,,,,,,"10MP, F2.2",8 nhân,,,,,,,,
6.67 inches,Qualcomm Snapdragon 685 (6 nm),"Android 13, MIUI 14",128GB,8Gb,50MP - 8MP - 2MP,13 MP,5000 mAh,"Green,Blue,Black,Gold",1080 x 2400 pixels,33w,,new,Xiaomi Redmi Note 12 8GB 128GB Chính Hãng,,,,Xiaomi,,,,,,,,,,,,,,,,,,,,,,,
11.0 inches,Snapdragon 680 4G (6 nm),"Android 13, MIUI Pad 14",128GB,6GB,8MP,5MP,Li-Po 8000 mAh,"Purple, Gray, Mint",1200 x 1920 pixels,18W,Xiaomi,New,Xiaomi Redmi Pad SE 6GB 128GB Chính Hãng,,,,,,,,,,,,,,,,,,,,,,,,,,,
6.7 inches,Dimensity 7050 (6 nm),"Android 13, Realme UI 4.0",256 GB,12 GB,100MP - 2MP,"16MP, f/2.45",5000 mAh,"Green,Gold,Black",1080 x 2412 pixels,67W,Realme,new,Realme 11 Pro (5G) 12GB 256GB Box,,,,,,,,,,,,,,,,,,,,,,,,,,,
6.7 inches,Apple A16 Bionic,iOS 16,512GB,6GB,Camera chính: 48MP Camera góc siêu rộng: 12MP Camera tele: 12MP,,"4,352mAh","Space Black,Deep Purple,Silver,Gold",,,Apple,new,iPhone 14 Pro Max 1TB VNA  - Tặng BH rơi vỡ vào nước,,"1 Nano SIM & 1 eSIM, Hỗ trợ 5G",,Apple,,,,,,,,,,,,,,,,,,,,,,,
6.7 inches,Snapdragon 778G 5G 8 nhân,"Android 12, One UI 4.1",128GB,8Gb,"Camera chính: 108 MP, f/1.8, PDAF, OIS Camera gó siêu rộng: 12 MP, f/2.2 Camera macro: 5 MP, f/2.4 Camera chân dung: 5 MP, f/2.4","32 MP, f/2.2",5000 mAh,"Green,White,Black","Super AMOLED, 6.7"", Full HD+",Sạc nhanh 25W,,new,Samsung Galaxy A73 (5G) 8GB 128GB Chính hãng,,2 SIM (Nano-SIM),,Samsung,,,,,,,,,,,,,,,,Cáp Type C,,,,,,,
6.6 inches,Helio G85 (12nm),Android 13,128GB,8GB,50MP - 0.08MP,32MP,5000mAh,"Black, White, Gold",720 x 1612 pixels,18W,Tecno,New,TECNO Spark 20 (8+8GB/128GB) - Chính Hãng ,,,,,,,,,,,,,,,,,,,,,,,,,,,
6.5 inches,Exynos 850 (8nm),Android 12 One UI,64GB,4GB,13+2+2 MP,5 MP,5000 mAh,"Pink,Midnight Green,Black",1366 x 768 pixels (HD+),,,new,Samsung Galaxy A04s (4G) 4GB 64GB chính hãng,,2 SIM (Nano-SIM),,Samsung,,,,,,,,,,,,,,,,,,,,,,,
6.43 inch,MediaTek Helio G96 8 nhân,Android 13,256 GB,8Gb,108MP - 8MP - 2MP,16 MP,5000 mAh,"Green,Blue,Black",1080 x 2400 pixels,33w,Xiaomi,new,Xiaomi Redmi Note 12S 8GB 256GB Chính Hãng,,,,,,,,,,,,,,,,,,,,,,,,,,,
6.67 inches,Qualcomm SM7150-AC Snapdragon 732G (8 nm),"Android 10, MIUI 12",64GB,6GB,64MP - 13MP - 2MP - 2MP,20 MP,Li-Po 5160mAh,"Blue,Black",1080 x 2400 pixels,33w,,new,Xiaomi Poco X3 NFC 6GB 64GB Chính Hãng,,,,Xiaomi,,,,,,,,,,,,,,,,,,,,,,,
6.67 inches,Snapdragon 8 Gen 2 (4 nm),Android 13,128 GB,8GB,"Camera góc rộng: 54MP, f/1.9, 1/1.49"", 1.0µm, PDAF, OIS Camera góc siêu rộng: 8MP, 118˚, 1/4"", 1.12µm Camera macro: 2 MP, f/2.4","Camera góc rộng: 16 MP, 1/3.06"", 1.0µm",5000 mAh,"Green,Black,Silver",,,Xiaomi,New,Xiaomi Redmi K60 Pro (5G) 8GB 128GB Likenew Fullbox,,,,,,,,,,,,,,,,,,,,,,,,,,,
6.7 inches,Apple A15 Bionic,iOS 16,256 GB,6 GB,Camera chính 12MP Camera góc siêu rộng 12MP,12MP khẩu độ f/1.9,,"Purple,Starlight,Aura Red,Aura Blue,Black,Yellow",,,Apple,new,iPhone 14 Plus 256GB VNA - Tặng BH rơi vỡ vào nước,,,,,,,,,,,,,,,,,,,,,,,,,,,
"AMOLED, 6.67 inches, 120Hz",MediaTek Dimensity 8 nhân,"Android 14, HyperOS",,,108 MP - 2 MP,16 MP,5000 mAh,"White, Black và Blue",Full HD+ (1080 x 2400 pixels),33W,Xiaomi,New,Xiaomi Redmi Note 14 (5G),,,,,,,,,,,,,,,,,,,,,,,,,,,
,,,,,,,,,,,,,iPhone 15 Plus 256GB VN/A - Tặng BH rơi vỡ vào nước,,,,,,,,,,,,,,,,,,,,,,,,,,,
6.67 inches,Qualcomm SM8475 Snapdragon 8+ Gen 1 (4 nm),"Androi 12, MIUI 13",512 GB,12 GB,108MP - 8MP - 2MP,20MP,5000 mAh,"Silver,Blue,Black",1220 x 2712 pixels,Sạc nhanh 120W,,new,Xiaomi Redmi K50 Ultra (5G) 12GB 512GB Box,,,,Xiaomi,,,,,,,,,,,,,,,,,,,,,,,
6.67 inches,MediaTek Dimensity 1080 (6 nm),"Androi 12, MIUI 13",128GB,8Gb,50Mp + 8MP + 2MP,16 MP,5000 mAh,"Blue,Black,Purple,White",1080 x 2400 pixels,67W,,new,Xiaomi Redmi Note 12 Pro (5G) 8GB 128GB Box,,,,Xiaomi,,,,,,,,,,,,,,,,,,,,,,,
,Snapdragon 695 5G 8 nhân,"Android 11, MIUI 13 for POCO",128 GB,6 GB,"Chính 108 MP & Phụ 8 MP, 2 MP",16 MP,5000 mAh,"Yellow,Black,Blue",1080 x 2400 pixels,,,new,Xiaomi Poco X4 Pro (5G) 6GB 128GB Chính hãng 99%,,"2 Nano SIM, Hỗ trợ 5G",,Xiaomi,,,,,,,,,,,,,"AMOLED, 6.67"", Full HD+",,,,Xiaomi.,,,,,,
6.67 inches,Mediatek Dimensity 6080 (6 nm),"Android 13, MIUI 14",256GB,8GB,100MP – 2MP,16MP,5000mAh,"Black, Blue, WHite",1080 x 2400 pixels,33W,Xiaomi,New,Xiaomi Redmi Note 13 (5G) 8GB 256GB Box,,,,,,,,,,,,,,,,,,,,,,,,,,,
6.74 inchs,Snapdragon 7+ Gen 2,"Android 13, Realme UI 4.0",512GB,12 GB,64MP – 8MP – 2MP,16 MP,5500 mAh,"Blue,Black,White",1240 x 2772 pixels,100W,Realme,new,Realme GT Neo 5 SE 12GB 512GB Box,,,,,,,,,,,,,,,,,,,,,,,,,,,
6.6 inch,Snapdragon 695 5G 8 nhân,"Androi 12, MIUI 13",128GB,8Gb,50MP + 2MP + 2MP,16 MP,Li-Ion 5000mAh,"White,Black,Yellow",1080 x 2412 pixels,65w,,new,Realme Q5 8GB 128GB Box,,,,Realme,,,,,,,,,,,,,,,,,,,,,,,
6.67 inches,Snapdragon 8 Gen 2 (4 nm),Android 13,256 GB,12 GB,"Camera góc rộng: 54MP, f/1.9, 1/1.49"", 1.0µm, PDAF, OIS Camera góc siêu rộng: 8MP, 118˚, 1/4"", 1.12µm Camera macro: 2 MP, f/2.4","Camera góc rộng: 16 MP, 1/3.06"", 1.0µm",5000 mAh,"Green,Black,Silver",,,,new,Xiaomi Redmi K60 Pro (5G) 12GB 256GB Box,Kính cường lực Corning Gorilla Glass VictusTần số quét 120HzDolby VisionHDR10+Độ sáng 1400 nits68 tỷ màu,2 SIM (Nano-SIM),,Xiaomi,,,,,,,,,,,OLED,,,,,,,,,,,,
6.67 inches,Dimensity 8200 Ultra (4 nm),"Android 13, MIUI 14",256GB,12GB,50MP - 50MP - 12MP,20MP,5000 mAh,"Blue, Green, Black",1220 x 2712 pixels,67W,Xiaomi,New,Xiaomi 13T 12GB 256GB Likenew Fullbox,,,,,,,,,,,,,,,,,,,,,,,,,,,
6.4 inches,2 nhân 2.4 GHz & 6 nhân 2 GHz,Android 12,128 GB,8 GB,"Camera chính: 48 MP, F1.8 Camera góc siêu rộng: 8 MP, F2.2 Camera macro: 5 MP, F2.4 Camera chân dung: 2.0 MP, F2.4","13 MP, f/2.2",5000 mAh,"Black,Blue,Orange,White","Super AMOLED, 6.4"", Full HD+",Sạc nhanh 25W,,new,Samsung Galaxy A33 (5G) 8GB 128GB Chính hãng,,2 SIM (Nano-SIM),,,,,,,,,,,,,,,,,,Cáp Type C,,,,,,,
6.36 inch,Snapdragon 8 GEN 2,,256 GB,8Gb,50MP – 10MP – 12MP,32 MP,"Androi 13, MIUI 14","White,Blue,Black",1080 x 2400 pixels,67W,,,Xiaomi 13 (5G) 8GB 256GB Box,,,,,,,,,,,,,,,,,,,,,,,,,,,
6.8 inches,Snapdragon 8 Gen 2 (4 nm),"Android 13, MyOS 13",512GB,12GB,64MP - 64MP - 50MP,16MP,Li-Po 5000 mAh,"Silver, Black, Blue",Li-Po 5000 mAh,,,,ZTE Nubia Z50 Ultra 12GB 512GB Box,,,,,,New,Nubia,,,,,,,,,,,,,,,,,,,,
6.745inch,UNISOC T612,Android,64GB / 128GB,4GB,50MP,5MP,5000mAh,"Green, Gold",HD+ 720*1600,15W,Realme,New,Realme C61 (4G) Chính Hãng,,,,,,,,,,,,,,,,,,,,,,,,,,,
"AMOLED HDR, 6.78 inches",Snapdragon 8s Gen 3 (4 nm),"Android 14, OriginOS 4",256GB,12GB/16GB,50 MP - 8 MP,16 MP,6000 mAh,"White, Mint, Black",1.5K (1260 x 2800 pixels),80W,Vivo,New,Vivo iQOO Z9 Turbo 5G Box - BH 15 Tháng,,,,,,,,,,,,,,,,,,,,,,,,,,,
,Unisoc T606 8 nhân,Android 11,32 GB,2 GB,Chính 48 MP & Phụ 2 MP,5 MP,5000 mAh,"Black,Blue","HD+ (720 x 1600 Pixels), Chính 48 MP & Phụ 2 MP, 5 MP",,,new,Samsung Galaxy A03 Core 2GB 32GB Chính hãng,,2 nano SIM,,Samsung,,New,,,,,,,,,PLS LCD,,,,,,,,,,,,
6.8 inches,Snapdragon 8 Gen 3 (4 nm),"Android 14, Redmagic OS 9",256GB,12GB,50MP - 50MP - 2MP,16MP,6500 mAh,"Black, Silver, Transparent",1116 x 2480 pixels,,ZTE Nubia,New,ZTE Nubia Red Magic 9 Pro 12GB 256GB Box,,,,,,,,,,,,,,,,,,,,,,,,,,,
6.67 inches,Qualcomm Snapdragon 870,"Androi 12, MIUI 13",256 GB,12 GB,48MP + 8MP + 2MP,20 MP,4500 mAh,"Black,Green,Silver,Blue",1080 x 2400 pixels,67W,,new,Xiaomi Redmi K40s (5G) 12GB 256GB,,,,Xiaomi,,,,,,,,,,,,,,,,,,,,,,,
,,,,,,,,,,,,,Xiaomi 14 (5G) 8GB 256GB Box,,,,,,,,,,,,,,,,,,,,,,,,,,,
6.78 inches,Octa-core (1x2.8 GHz Cortex-A715 & 4x2.6 GHz Cortex-A715 & 3x1.9 GHz Cortex-A510),"Android 14, Realme UI 5.0",256GB/ 512GB,8GB/ 12GB/ 16GB,50 MP - 8 MP,32 MP,5500 mAh,"Silver, Green",1264 x 2780 pixel,,realme,New,Realme GT Neo 6 SE (5G) Box - Bảo Hành 15 tháng,,,,,New,,,,,,,,191 g,,,,,,Adreno 732,,,Qualcomm SM7675 Snapdragon 7+ Thế hệ 3 (4nm),,,,,
6.67 inches,Mediatek Dimensity 9200+ (4 nm),"Android 13, MIUI 14",512GB,16GB,50Mp + 8MP + 2MP,20 MP,5000 mAh,"White,Green,Black",1220 x 2712 pixels,Sạc nhanh 120W,Xiaomi,new,Xiaomi Redmi K60 Ultra (5G) 16GB 512GB Box,,,,,,,,,,,,,,,,,,,,,,,,,,,
6.5 inches,Octa-core 1.6 GHz,Android 11,64GB,,8.0 MP,"5 MP, f/2.2",5000 mAh,"Green,Black",720 x 1600 pixels,,,new,Realme Narzo 50i 4GB 64GB Chính hãng,,2 nano SIM,,Realme,,,,Hỗ trợ thẻ nhớ microSDXC,,,,,,,,,,,,,,,,,,,
6.7 inches,Apple A16 Bionic,iOS 16,256 GB,6GB,Camera chính: 48MP Camera góc siêu rộng: 12MP Camera tele: 12MP,,"4,352mAh","Space Black,Deep Purple,Silver,Gold",,,Apple,new,iPhone 14 Pro Max 256GB VNA - Tặng BH rơi vỡ vào nước,,"1 Nano SIM & 1 eSIM, Hỗ trợ 5G",,Apple,,,,,,,,,,,,,,,,,,,,,,,
6.6 inch,Snapdragon 695 5G 8 nhân,"Androi 12, MIUI 13",256 GB,8Gb,50MP + 2MP + 2MP,16 MP,Li-Ion 5000mAh,"White,Yellow,Black",1080 x 2412 pixels,65w,,new,Realme Q5 8GB 256GB Box,,,,Realme,,,,,,,,,,,,,,,,,,,,,,,
6.6 inch,Chip Exynos 850,"Android 13, One UI 5",128GB,4GB,50MP - 5MP - 2MP,13MP,Li-Po 5000 mAh,"White,Red,Black",720 x 1600 pixels,15w,,new,Samsung Galaxy A14 (4G) 4GB 128GB Chính Hãng,,,,Samsung,,,,,,,,,,,,,,,,,,,,,,,
6.67 inches,Snapdragon 7+ Gen 2,"Android 13, MIUI 14",256 GB,8Gb,64MP – 8MP – 2MP,"16 MP, f/2.5, (wide) quay video 1080p@30/60fps",Li-Po 5000 mAh,"White,Blue,Black",1080 x 2400 pixels,67W,Xiaomi,new,Xiaomi Redmi Note 12 Turbo 8GB 256GB Box,,,,,,,,,,,,,,,,,,,,,,,,,,,
6.7 inches,Apple A15 Bionic,iOS 16,128GB,6 GB,Camera chính 12MP Camera góc siêu rộng 12MP,12MP khẩu độ f/1.9,,"Purple,Starlight,Aura Red,Aura Blue,Black,Yellow",,,Apple,new,iPhone 14 Plus 128GB VNA - Tặng BH rơi vỡ vào nước,,,,,,,,,,,,,,,,,,,,,,,,,,,
6.7 inches,Dimensity 7050 (6 nm),"Android 13, Realme UI 4.0",256 GB,8Gb,100MP - 2MP,"16MP, f/2.45",5000 mAh,"Green,Gold,Black",1080 x 2412 pixels,67W,Realme,new,Realme 11 Pro (5G) 8GB 256GB Box,,,,,,,,,,,,,,,,,,,,,,,,,,,
6.7 inches,Exynos 2400,"Android 14, One UI 6.1",256GB,12GB,50MP - 10MP - 12MP,12MP,4900 mAh,"Black, Purple, Gray, Yellow",1440 x 3088 pixels,45W,Samsung,New,Samsung Galaxy S24 Plus (5G) 12GB 256GB Chính Hãng,,,,,,,,,,,,,,,,,,,,,,,,,,,
6.7 inches,Apple A16 Bionic,iOS 16,128GB,6GB,Camera chính: 48MP Camera góc siêu rộng: 12MP Camera tele: 12MP,,"4,352mAh","Silver,Gold,Space Black,Deep Purple",,,Apple,new,iPhone 14 Pro Max 128GB VNA  - Tặng BH rơi vỡ vào nước,,"1 Nano SIM & 1 eSIM, Hỗ trợ 5G",,Apple,,,,,,,,,,,,,,,,,,,,,,,
,,,,,,,,,,,,,iPhone 15 Pro Max 512GB VN/A - Tặng BH rơi vỡ vào nước,,,,,,,,,,,,,,,,,,,,,,,,,,,
6.79 inchs,Mediatek Helio G88 (12nm),"Android 13, MIUI 14",128GB,8Gb,50MP - 8MP - 2MP,8MP,5000 mAh,"Silver,Blue,Black",1080 x 2460 pixels,sạc nhanh 18W,Xiaomi,new,Xiaomi Redmi 12 (4G) 8GB 128GB Chính Hãng,,,,,,,,,,,,,,,,,,,,,,,,,,,
"Màn ngoài: 6,3 inch - Màn trong: 7,6 inch",Snapdragon 8 Gen 3 (4 nm),"Android 14, One UI 6.1",512GB,12GB,50MP - 10MP - 12MP,10MP,4400 mAh,"Navy, Silver Shadow, Pink",1856 x 2160 pixels,45W,Samsung,New,Samsung Galaxy Z Fold6 (5G) 12GB 256GB Chính Hãng,,,,,,,,,,,,,,,,,,,,,,,,,,,
8.03 inches (màn hình mở) - 6.56 inches (màn hình ngoài),Snapdragon 8 Gen 2 (4 nm),"Android 13, MIUI Fold 14",256GB,12GB,50MP - 10MP - 10MP - 12MP,20MP,Li-Po 4800 mAh,"Gold, Black",1916 x 2160 pixels,67W,Xiaomi,New,Xiaomi Mix Fold3 12GB 256GB Box,,,,,,,,,,,,,,,,,,,,,,,,,,,
6.67 inches,Dimensity 8300 Ultra (4 nm),"Android 14, HyperOS",256GB,8GB,64MP - 8MP - 2MP,16MP,5500 mAh,"Black, Green, White",1220 x 2712 pixels,90W,Xiaomi,New,Xiaomi Redmi K70E 8GB 256GB Box,,,,,,,,,,,,,,,,,,,,,,,,,,,
6.67 inches,Mediatek Dimensity 8200 (4 nm),"Android 12, MIUI 13",256 GB,8Gb,Triple cam (48MP + 2MP + 2MP),20MP,5500 mAh,"White,Black,Green",1440 x 3200 pixels,67W,,new,Xiaomi Redmi K60e (5G) 12GB 256GB Box,,,,Xiaomi,,,,,,,,,,,,,,,,,,,,,,,
"Màn ngoài: 3,4 inch - Màn Trong: 6,7 inch",Snapdragon 8 Gen 3 (4 nm),"Android 14, One UI 6.1",512GB,12GB,50MP - 12MP,10MP,"4000 mAh,","Yellow, Silver Shadow, Mint, Blue",1080 x 2640 pixels,25W,Samsung,New,Samsung Galaxy Z Flip6 (5G) 12GB 512GB Chính Hãng,,1 Sim VL + 1Esim,,,,,,,,,,,,,,,,,,,,,,,,,
6.43 inches,MediaTek Helio G95,MIUI 12,128 GB,8Gb,4 cam (64MP + 8MP +2MP + 2MP),13MP,Li-Po 5000mAh,"Black,Blue,White",Full HD+ (1080 x 2400 Pixels),,,new,Xiaomi Redmi Note 10S 8Gb 128GB Chính hãng,,,,,,,XIAOMI,,,,,,,,,,,,,,,,,,,,
6.67 inches,Qualcomm SM8475 Snapdragon 8+ Gen 1 (4 nm),Android 13,256 GB,12 GB,"Camera góc rộng: 64MP, f/1.8, 1/2"", 0,7µm, PDAF, OIS Camera góc siêu rộng: 8MP, 120˚, 1/4"", 1,12µm Camera macro: 2MP, f/2.4","Camera góc rộng: 16MP, 1/3.06"", 1.0µm",5500 mAh,"Green,Blue,Black,Silver",,67W,,new,Xiaomi Redmi K60 (5G) 12GB 256GB Box,"68 tỷ màuTần số quét 120Hz, Dolby Vision, HDR10+, 1400 nits68 tỷ màu",2 SIM (Nano-SIM),,Xiaomi,,,,,,,,,,,OLED,,,,,,,,,,,,
6.67 inches,Snapdragon 7s Gen 2,"Andoid 13, MIUI 14",512GB 1,12GB,200MP + 8MP + 2MP,16MP,5100mAh,"Black. Blue, White, Violet",1220 x 2712 pixels,Xioami,New,,Xiaomi Redmi Note 13 Pro (5G) 12GB 512GB Box,,,,,,,,,,,,,,,,,,,,,,,,,,,
6.67 inches,Dimensity 1080 (6 nm),"Android 12, MIUI 13",256GB,12GB,200MP - 8MP - 2MP,16MP,5000 mAh,"Black, Blue, White",1080 x 2400 pixels,120W,Xiaomi,New,Xiaomi Redmi Note 12 Pro Plus 12GB 256GB Likenew Fullbox,,,,,,,,,,,,,,,,,,,,,,,,,,,
6.71 inches,MediaTek MT6769Z Helio G85 (12nm),"Androi 12, MIUI 13",64GB,4GB,50MP,"5MP, f/2.2",5000 mAh,"Violet,Blue,Green,Black",720 x 1650 pixels,10w,,new,Xiaomi Redmi 12C 4GB 64GB Chính Hãng,,,,,,,Xiaomi,,,,,,,,,,,,,,,,,,,,
2.4 inches,Unisoc T107 (22 nm),S30+,128 MB,,0.3 MP,,Li-Ion 1450 mAh Thời gian đàm thoại trên điện thoại lên đến 6 tiếng với 4G Tai nghe earbuds lên đến 2.4 tiếng đàm thoại và đến 4 tiếng nghe nhạc,"Black,Silver",240 x 320 pixels,,,,Nokia 5710 Xpress Audio,,2 SIM (Nano-SIM),,,,,,,,,,,,,,,,,,,,,,,,,
"6,4 inches",Mediatek Helio P35,"Android 11, One UI 3.1",64 GB,4GB,"Camera xóa phông: 2 MP, f/2.4, (depth)","5 MP, f/2.2",Li-Po 5000mAh,"Black,Blue,Silver",,,,new,Samsung Galaxy A03s 4GB 64GB Chính hãng,,,,Samsung,,New,,,,,,,,,,,,,,,,,,,,,
,,,,,,,,,,,,,Xiaomi 14 (5G) 16GB 512GB Box,,,,,,,,,,,,,,,,,,,,,,,,,,,
6.7 inches,MediaTek Dimensity 8100 (5 nm),"Android 12, upgradable to Android 13, Realme UI 3.0",256 GB,12 GB,50Mp + 8MP + 2MP,16 MP,5000 mAh,"White,Black,Blue",1080 x 2412 pixels,150W,Realme,new,Realme GT Neo 3 12GB 256GB (150W) Box,,,,,,,,,,,,,,,,,,,,,,,,,,,
6.5 inches,Mediatek MT8781 Helio G99 (6nm),"Android 13, One UI 5.1",128GB,6GB,50MP - 5MP - 2MP,13 MP,5000mAh,"Black,Green",1080 x 2340 pixels,Sạc nhanh 25W,Samsung,new,Samsung Galaxy A24 (4G) 8GB 128GB Chính Hãng,,,,,,,,,,,,,,,,,,,,,,,,,,,
6.1 inch,Apple A14 Bionic (5nm),iOS 14,64 GB,4 GB,Dual 12 MP,12 MP,Li-Ion 2815 mAh,"Blue,Green,Red,White,Black,Purple",1170 x 2532 pixels,,,new,iPhone 12 64GB Chính hãng VN/A - Tặng BH rơi vỡ vào nước,,1 nano SIM + 1 eSIM,,Apple,,,,,,,,,,,,,,,,,,,,,,,
"IPS LCD,12.4 inches",Snapdragon 8 Gen 2 (4 nm),"Android 14, HyperOS",128GB/ 256GB,8GB/ 12GB,50 MP - 2 MP,32 MP,10000 mAh,"Black, Blue, Green",,120W,Xiaomi,New,Xiaomi Pad 6s Pro Box- Bảo hành 15 Tháng,,,,,,,,,,,,,,,,,,,,,,,,,,,
6.7 inches,Helio G85,Android 13,64GB,4GB,50MP - 2MP,8MP,5000 mAh,"Black, Silver, Green",720 x 1600 pixels,25W,Samsung,New,Samsung Galaxy A05 (4G) 4GB 64GB Chính Hãng,,,,,,,,,,,,,,,,,,,,,,,,,,,
6.7 inches,Snapdragon 680 4G,Android 13,128GB,4GB,50MP - 2MP - 2MP,13MP,5000mAh,"Black, Green, Silver",1080 x 2400 pixels,25W,Samsung,New,Samsung Galaxy A05S (4G) 4GB 128GB Chính Hãng,,,,,,,,,,,,,,,,,,,,,,,,,,,
6.8 inches,ualcomm SM8550-AB Snapdragon 8 Gen 2 (4 nm),"Android 13, Redmagic OS 6",512GB,16GB,50MP - 8MP - 2MP,16MP,5000mAh,"Tranfer, Black, Silver",1116 x 2480 pixels,165W,ZTE Nubia,New,ZTE nubia Red Magic 8S Pro Plus 16GB 512GB Box,,,,,,,,,,,,,,,,,,,,,,,,,,,
6.43 inch,Qualcomm SM6375 Snapdragon 695 5G (6 nm),"Android 12, ColorOS 12.1",256 GB,8Gb,64MP - 2MP - 2MP,16 MP,4500 mAh,"Black,Gold",1080 x 2400 pixels,,,new,Oppo Reno 8Z (5G) 8GB 256GB Chính Hãng,,,,Oppo,,,,,,,,,,,,,,,,,,,,,,,
6.74 inches,Helio G85 (12nm),"Android 13, MIUI 14 for POCO",128GB,6GB,50MP - 2MP - 0.08MP,8MP,Li-Po 5000 mAh,"Black, Blue, Purple",720 x 1600 pixels,18W,Xiaomi,New,Xiaomi Poco C65 6GB 128GB Chính Hãng ,,,,,,,,,,,,,,,,,,,,,,,,,,,
6.1 inch,Qualcomm SM8550 Snapdragon 8 Gen 2 (4 nm),,256 GB,8Gb,50MP - 10MP - 12MP,12MP,3900 mAh,"Green,Lavender,Cream,Aura Black",1080 x 2340 pixels,Sạc nhanh 25W,,new,Samsung Galaxy S23 (5G) 8GB 256GB Chính Hãng,,,,Samsung,,,,,,,,,,,,,,,,,,,,,,,
"6,5 inches",Unisoc T310,Android,128GB,4GB,13MP - 2MP - 2MP,5MP,5000mAh,"Black, Purple",,,INOI,New,INOI A72 (4G) 4GB 128GB Chính Hãng,,,,,,,,,,,,,,,,,,,,,,,,,,,
6.67 inches,Snapdragon 8 Gen 2 (4 nm),"Android 14, HyperOS",256GB,12GB,50MP - 8MP - 2MP,16MP,5000mAh,,1440 x 3200 pixels,,Xiaomi,New,Xiaomi Redmi K70 12GB 256G Box,,,,,,,,,,,,,,,,,,,,,,,,,,,
,,,,,,,,,,,,,Xiaomi Redmi Note 12 Turbo Likenew Fullbox,,,,,,,,,,,,,,,,,,,,,,,,,,,
,,,,,,,,,,,,,Samsung Galaxy S23 (5G) 8GB 128GB Chính Hãng,,,,,,,,,,,,,,,,,,,,,,,,,,,
6.67 inches,Mediatek Dimensity 9200+ (4 nm),"Android 13, MIUI 14",256 GB,12 GB,50Mp + 8MP + 2MP,20 MP,5000 mAh,"White,Green,Black",1220 x 2712 pixels,Sạc nhanh 120W,Xiaomi,new,Xiaomi Redmi K60 Ultra (5G) 12GB 256GB Likenew FullBox,,,,,,,,,,,,,,,,,,,,,,,,,,,
"AMOLED 6,78 inch",Mediatek Helio G99 Ultimate,"Android 14, HIOS 14",256GB,8GB,50 MP - 2 MP,50 MP,5000 mAh,"Black, White, Brown",1080 x 2436 pixels,70W,Tecno,New,TECNO Camon 30 (12+12GB/256GB) - Chính Hãng,,,,,,,,,,,,,,,,,,,,,,,,,,,
6.67 inches,Qualcomm SM7150 Snapdragon 732G (8 nm),MIUI 13 dựa trên Android 11,256 GB,8Gb,108MP - 2MP - 2MP - 2MP,16 MP,5000 mAh,"Gray,Blue,Cloud Blue",1080 x 2400 pixels,67W,Xiaomi,new,Xiaomi Redmi Note 12 Pro 8GB 256GB Chính Hãng,,,,,,,,,,,,,,,,,,,,,,,,,,,
"6,1 inches",Apple A15,IOS 15,128 GB,,"Camera góc siêu rộng: 12MP, ƒ/2.4",12 MP,3240mAh,"Black,Blue,Pink,Red,Silver,Green",2532 x 1170 pixels,,,new,iPhone 13 128GB chính hãng VN/A - Tặng BH rơi vỡ vào nước,,1 nano SIM + 1 eSIM,,,,,,,,,,,,,,,,,,,,,,,,,
6.4 inches,Mediatek Helio G80,One UI 3.0,128 GB,6GB,4 cam (64MP + 8MP + 5MP + 5MP),20MP,Li-lon 5000 mAh,"Black,Blue,White,Purple",Full HD+ (1080 x 2400 Pixels),,,,Samsung Galaxy A32 6GB 128GB Chính hãng,,2 nano SIM,,Samsung,,New,,Hỗ trợ thẻ nhớ 1TB,,,,,,,,,,,,,,,,,,,
"6,8 inches",Snapdragon 8 Gen 1 8 nhân,"Android 12, One UI 4",256 GB,12 GB,4 cam (108MP + 12MP + 10MP + 10 MP),40 MP,Li-Po 5000mAh,"White,Burgundy,Black,Green",Quad HD+,Sạc nhanh 25W,,new,Samsung Galaxy S22 Ultra (5G) 12GB 256GB Chính hãng,,2 nano SIM,,Samsung,New,,,,,,,,,,,,,,,,,,,,,,
6.28 inches,Snapdragon 8 Gen 1 8 nhân,"Androi 12, MIUI 13",256 GB,8 GB,"Camera chính góc rộng: 50 MP, f/1.9, PDAF, OIS Camera góc siêu rộng: 13 MP, f/2.4 Camera macro: 5 MP, AF",32 MP,4500 mAh,"Tím,Xám,Xanh Dương",,,,new,Xiaomi 12 8GB 256GB Chính Hãng,,2 SIM (Nano-SIM),,Xiaomi,,,,,,,,,,,AMOLED,,,,,,,,,,,,
4.7 inches,Apple A15 Bionic,IOS 15,64 GB,,12 MP,7 MP,,,1334 x 750 pixels (HD+),,,,iPhone SE 3 2022 64GB,,1 Nano SIM & 1 eSIM,,Apple,New,,,,,6-core CPU,138.4 x 67.3 x 7.3 mm,,,,,,,,,,,,,,,,
6.67 inches,Snapdragon 8 Gen 3 (4 nm),"Android 14, HyperOS",512GB,16G6,50MP - 50MP - 12MP,16MP,5000 mAh,"Black, Blue, White",1440 x 3200 pixels,120W,Xiaomi,New,Xiaomi Redmi K70 Pro 16GB 512GB Box,,,,,,,,,,,,,,,,,,,,,,,,,,,
6.5 inches,Exynos 1280 (5 nm),"Android 14, One UI 6",128GB,6GB,50MP - 8MP - 2MP,13MP,5000 mAh,"Black, Blue, Yellow",1080 x 2340 pixels,25W,Samsung,New,Samsung Galaxy A25 (5G) 6GB 128GB Chính Hãng ,,,,,,,,,,,,,,,,,,,,,,,,,,,
,,Nokia S30+,4GB,4GB,,,800 mAh,"Black,Blue",,,,,Nokia 105 DS (2019) – Sản phẩm chính hãng,,"2, SIM Thường",,,,NEW,NOKIA,,,,,,,,,,"1.77"", QQVGA, TFT, 120 x 160 Pixel",,,,,,,,,,
6.8 inches,Snapdragon 8 Gen 3 (4 nm),"Android 14, One UI 6.1",512GB,12GB,200MP - 50MP - 10MP - 12MP,12MP,5000 mAh,"Black, Purple, Gray, Yellow",1440 x 3088 pixels,45W,Samsung,New,Samsung Galaxy S24 Ultra (5G) 12GB 512GB Chính Hãng,,,,,,,,,,,,,,,,,,,,,,,,,,,
6.67 inches,Snapdragon 695 5G 8 nhân,Android 11,128GB,8 GB,"Chính 108 MP & Phụ 8 MP, 2 MP",16 MP,5000 mAh,"Black,Blue,White",,,,new,Xiaomi Redmi Note 11 Pro (5G) 8GB 128GB Chính hãng,,"2 Nano SIM (SIM 2 chung khe thẻ nhớ), Hỗ trợ 5G",,,,,XIAOMI,,,,,,,,,,,,,,,,,,,,
6.55 inch,Qualcomm SM7350-AB Snapdragon 780G (5 nm),"Android 11, MIUI 13",128GB,8Gb,,64MP - 8MP - 5MP,4250mAh,"Green,Black,Yellow",1080 x 2400 pixels,33w,,new,Xiaomi 11 Lite (5G) 8GB 128GB Chính Hãng,,,,Xiaomi,,,,,,,,,,,,,,,,,,,,,,,
LTPO OLED 6.73 inches,Snapdragon 8 Gen 3,"Android 14, HyperOS",512GB,12GB/ 16GB,50 MP - 50 MP - 50 MP - 50 MP,32 MP,5000 mAh,"Black, Blue, White, Titanium Gray",1440 x 3200 pixels,"Có dây 90W, không dây 80W, sạc ngược 10W",Xiaomi,New,Xiaomi 14 Ultra 16GB 512GB Chính Hãng,,,,,,,,,,,,,,,,,,,,,,,,,,,
6.67 inches,Mediatek Helio G99 Ultra,"Android 13, MIUI 14",128GB,8GB,200MP - 8MP - 2MP,16MP,5000 mAh,"Purple, Green, Black",1080 x 2400 pixels,67W,Xiaomi,New,Xiaomi Redmi Note 13 Pro (4G) 8GB 128GB Chính Hãng ,,,,,,,,,,,,,,,,,,,,,,,,,,,
,,,,,,,,,,,,,Redmi Note 13 Pro Plus AAPE Trend Limited Edition,,,,,,,,,,,,,,,,,,,,,,,,,,,
6.74 inches,Mediatek MT6769Z Helio G85 (12nm),"Android 13, MIUI 14",128GB,6GB,50MP - 2MP - 0.08MP,13MP,5000mAh,"Black, Blue, Green",720 x 1600 pixels,18W,Xiaomi,New,Xiaomi Redmi 13C 6GB 128GB Chính Hãng,,,,,,,,,,,,,,,,,,,,,,,,,,,
6.6 inch,Qualcomm SM8550 Snapdragon 8 Gen 2 (4 nm),"Android 13, One UI 5.1",512GB,8Gb,50MP - 10MP - 12MP,12MP,4700 mAh,"Green,Lavender,Cream,Aura Black",1080 x 2340 pixels,Sạc nhanh 45W,,new,Samsung Galaxy S23 Plus (5G) 8GB 512GB Chính Hãng,,,,Samsung,,,,,,,,,,,,,,,,,,,,,,,
6.74 inches,Unisoc Tiger T612 (12 nm),"Android 13, Realme UI T",64GB,3GB,50MP - 0.0MP,5MP,5000 mAh,"Green, Black","720 x 1600 pixels,",33W,Realme,New,Realme C51 Chính Hãng,,,,,,,,,,,,,,,,,,,,,,,,,,,
6.4 inches,2 nhân 2.4 GHz & 6 nhân 2 GHz,Android 12,128 GB,6GB,"Camera chính: 48 MP, F1.8 Camera góc siêu rộng: 8 MP, F2.2 Camera macro: 5 MP, F2.4 Camera chân dung: 2.0 MP, F2.4","13 MP, f/2.2",5000 mAh,"Black,Blue,Orange,White","Super AMOLED, 6.4"", Full HD+",Sạc nhanh 25W,,new,Samsung Galaxy A33 (5G) 6GB 128GB Chính hãng,,2 SIM (Nano-SIM),,Samsung,,,,,,,,,,,,,,,,Cáp Type C,,,,,,,
,,,,,,,,,,,,,iPhone 15 Plus 512GB VN/A - Tặng BH rơi vỡ vào nước,,,,,,,,,,,,,,,,,,,,,,,,,,,
6.5 inches,Helio P35,"Android 12, OneUI 4",32 GB,3 GB,50MP + 2MP,5 MP,5000 mAh,"Green,Black,Copper",720 x 1600 pixels,,,new,Samsung Galaxy A04 (4G) 3GB 32GB Chính hãng,,2 SIM (Nano-SIM),,Samsung,,,,,,8 lõi Cortex-A53 với xung nhịp 1.8 GHz,,,,,IPS LCD,,,,,,,,,,,,
6.74 inchs,Snapdragon 7+ Gen 2,"Android 13, Realme UI 4.0",1TB,16 GB,64MP – 8MP – 2MP,16 MP,5500 mAh,"Blue,Black,White",1240 x 2772 pixels,100W,Realme,new,Realme GT Neo 5 SE 16GB 1TB Box,,,,,,,,,,,,,,,,,,,,,,,,,,,
6.1 inch,Google Tensor G3,,128GB,8Gb,50MP,,4485 mAh,"Light Green,White,Black",1080 x 2400 pixels (FullHD+),,,,"Google Pixel 8 - Nguyên bản, Trả góp 0%, Khuyến mãi 1% KH cũ",,,,,,,,,,,,,,,,,,,,,,,,,,,
6.67 inches,Snapdragon 8 Gen 3 (4 nm),"Android 14, HyperOS",256GB,12GB,50MP - 50MP - 12MP,16MP,5000 mAh,"Black, Blue, White",1440 x 3200 pixels,120W,Xiaomi,New,Xiaomi Redmi K70 Pro 12GB 256GB Box,,,,,,,,,,,,,,,,,,,,,,,,,,,
"AMOLED, 6.67 inches, 120Hz",Qualcomm Snapdragon 7xx 8 nhân,"Andrroid 14, HyperOS",128GB/ 256GB/ 512GB,8GB/ 12GB/ 16GB,200 MP - 8 MP - 2 MP,16 MP,5500 mAh,"White, Blue, Black",1.5K (1220 x 2712 pixels),67W,Xiaomi,New,Xiaomi Redmi Note 14 Pro (5G) ,,,,,,,,,,,,,,,,,,,,,,,,,,,
"6,7 icnhes",Helio G85,"Hệ điều hành BOS, bảo mật chống trộm, điều khiển bằng cử chỉ",64 GB,4GB,4 cam ( 16Mp + 2Mp + 5Mp + 2Mp ),8MP chụp góc rộng,"Pin 5.000 mAh, sạc nhanh 18 W",White,,,,new,BPhone A40 4GB 64GB Chính hãng,,,,,,,,,,,,,,,,,,,,,,,,,,,
,MediaTek Helio G35,Android 11,32 GB,3 GB,13 MP,5 MP,4230 mAh,"Black,Blue",,,,new,Oppo A16K 3GB 32GB Chính hãng,,2 Nano SIMHỗ trợ 4G,,Oppo,,NEW,OPPO,,,,,,,,,,"IPS LCD, 6.52"", HD+",,,,,,,,,,
"IPS LCD, 6.72 inches",Qualcomm SM6225 Snapdragon 685 (6 nm),"Android , Realme UI",128GB,8GB,108 MP - 2 MP,8 MP,5000 mAh,"Sunny Oasis, Black Rock",,33W,realme,New,Realme C67 (4G) 8GB 128GB Chính Hãng,,,,,,,,,,,,,,,,,,,,,,,,,,,
6.6 inches,Exynos 1380 (5 nm),"Android 14, One UI 6.1",128GB,8GB,50MP - 8MP - 5MP,13MP,5000 mAh,"Black, Blue, Gold",1080 x 2340 pixels,25W,Samsung,New,Samsung Galaxy A35 (5G) 8GB 128GB Chính Hãng ,,2 sim,,,,,,,,,,,,,,,,,,,,,,,,,
6.55 inch,Snapdragon 7 Gen 1 (4 nm),"Android 12, MIUI 14",128GB,8Gb,50Mp + 8MP + 2MP,32 MP,4500 mAh,"Blue,Black",1080 x 2400 pixels,67W,,new,Xiaomi 13 Lite 8GB 128GB Chính Hãng,,,,Xiaomi,,,,,,,,,,,,,,,,,,,,,,,
6.78 inchs,MediaTek Helio G99 (6nm),"Android 13, HIOS 13",128GB,8Gb,50MP,8MP,6000 mAh,"Gold,Blue,Black",1080 x 2460 pixels,Sạc nhanh 45W,Tecno,new,TECNO Pova 5 (8+8GB/128GB) - Chính Hãng,,,,,,,,,,,,,,,,,,,,,,,,,,,
6.67 inches,Snapdragon 4 Gen 1,,128GB,8 GB,"48 MP, (góc rộng), 0.8µm, PDAF 2 MP, f/2.4, (độ sâu) Quay phim: 1080p@30/60fps","8 MP, f/2.0, (góc rộng), 1/4"", 1.12µm Quay phim: 1080p@30fps",Li-Po 5000 mAh,"Black,Blue,Silver",,,,new,Xiaomi Redmi Note 12 (5G) 8GB 128GB Box,,,,Xiaomi,,,,,,,,,,,,,,,,,,,,,,,
6.36 inch,Snapdragon 8 GEN 2,,128GB,8Gb,50MP – 10MP – 12MP,32 MP,"Androi 13, MIUI 14","White,Blue,Black",1080 x 2400 pixels,67W,,new,Xiaomi 13 (5G) 8GB 128GB Box,,,,Xiaomi,,,,,,,,,,,,,,,,,,,,,,,
6.53 inches,MediaTek Helio G25,"MIUI 12.5, Android 11",32 GB,2 GB,"13MP , f/2.2 Camera cảm biến độ sâu: 2MP, f/2.4","5MP, f/2.2",5000 mAh,"Artic Silver,Blue,Gray",1600 x 720 pixels (HD+),,,new,Xiaomi Redmi 10A 2GB 32GB Chính hãng,,2 SIM (Nano-SIM),,,,,,,,"Octa-core CPU, up to 2.0GHz",,,,,,,,,,,,,,,,,
4.7 inches,Apple A15 Bionic,IOS 15,128GB,,12 MP,7 MP,,,1334 x 750 pixels (HD+),,,,iPhone SE 3 2022 128GB,,1 Nano SIM & 1 eSIM,,Apple,New,,,,,6-core CPU,138.4 x 67.3 x 7.3 mm,,,,,,,,,,,,,,,,
6.8 inches,ualcomm SM8550-AB Snapdragon 8 Gen 2 (4 nm),"Android 13, Redmagic OS 6",256GB,16GB,50MP - 8MP - 2MP,16MP,5000mAh,"Tranfer, Black, Silver",1116 x 2480 pixels,165W,ZTE Nubia,New,ZTE nubia Red Magic 8S Pro Plus 16GB 256GB Box,,,,,,,,,,,,,,,,,,,,,,,,,,,
6.67 inches,Mediatek Dimensity 8200 (4 nm),"Android 12, MIUI 13",512 GB,12 GB,Triple cam (48MP + 2MP + 2MP),20MP,5500 mAh,"White,Black,Green",1440 x 3200 pixels,67W,,new,Xiaomi Redmi K60e (5G) 12GB 512GB Box,,,,Xiaomi,,,,,,,,,,,,,,,,,,,,,,,
6.7 inches,Apple A16 Bionic,iOS 16,512GB,6GB,Camera chính: 48MP Camera góc siêu rộng: 12MP Camera tele: 12MP,,"4,352mAh","Space Black,Deep Purple,Silver,Gold",,,Apple,new,iPhone 14 Pro Max 512GB VNA  - Tặng BH rơi vỡ vào nước,,"1 Nano SIM & 1 eSIM, Hỗ trợ 5G",,Apple,,,,,,,,,,,,,,,,,,,,,,,
6.67 inches,Mediatek Dimensity 9200+ (4 nm),"Android 13, MIUI 14",256 GB,12 GB,50Mp + 8MP + 2MP,20 MP,5000 mAh,"White,Green,Black",1220 x 2712 pixels,Sạc nhanh 120W,Xiaomi,new,Xiaomi Redmi K60 Ultra (5G) 12GB 256GB Box,,,,,,,,,,,,,,,,,,,,,,,,,,,
"IPS LCD, 6.79 inches",Mediatek Helio G91 Ultra,"Android 14, HyperOS",128GB,6GB,108 MP - 2 MP,13 MP,5030 mAh,"Black, Blue, Pink, Yellow",1080 x 2400 pixels,33W,Xiaomi,New,Xiaomi Redmi 13 (4G) 6GB 128GB Chính Hãng ,,,,,,,,,,,,,,,,,,,,,,,,,,,
6.6 inch,Chip Exynos 850,"Android 13, One UI 5",128GB,6GB,50MP - 5MP - 2MP,13MP,Li-Po 5000 mAh,"White,Red,Black",720 x 1600 pixels,15w,,new,Samsung Galaxy A14 (4G) 6GB 128GB Chính Hãng,,,,Samsung,,,,,,,,,,,,,,,,,,,,,,,
"6,4 inches",Mediatek Helio P35,"Android 11, One UI 3.1",32 GB,3 GB,"Camera xóa phông: 2 MP, f/2.4, (depth)","5 MP, f/2.2",Li-Po 5000mAh,"Black,Blue,Silver",,,,new,Samsung Galaxy A03s 3GB 32GB Chính hãng,,,,Samsung,,,,,,,,,,,,,,,,,,,,,,,
6.6 inches,Unisoc T606 (12 nm),"Android 13 (Go edition), HIOS 13",64GB,3GB,"13MP - 0,08MP",8MP,5000 mAh,"Black, Green, White, Yellow",720 x 1612 pixels,10W,Tecno,New,TECNO Spark Go 2024 (3+3GB/64GB) - Chính Hãng,,,,,,,,,,,,,,,,,,,,,,,,,,,
6.67 inches,Qualcomm SM8475 Snapdragon 8+ Gen 1 (4 nm),"Androi 12, MIUI 13",256 GB,12 GB,108MP - 8MP - 2MP,20MP,5000 mAh,"Silver,Blue,Black",1220 x 2712 pixels,Sạc nhanh 120W,,new,Xiaomi Redmi K50 Ultra (5G) 12GB 256GB Box,,,,Xiaomi,,,,,,,,,,,,,,,,,,,,,,,
6.67 inches,Mediatek Dimensity 6080 (6 nm),"Android 13, MIUI 14",128GB,6GB,100MP – 2MP,16MP,5000mAh,"Black, Blue, WHite",1080 x 2400 pixels,33W,Xiaomi,New,Xiaomi Redmi Note 13 (5G) 6GB 128GB Box - BH 15 Tháng,,,,,,,,,,,,,,,,,,,,,,,,,,,
,,,,,,,,,,,,,Xiaomi 14 Pro (5G) 12GB 256GB Box,,,,,,,,,,,,,,,,,,,,,,,,,,,
"6,8 inches",Snapdragon 8 Gen 1 8 nhân,"Android 12, One UI 4",128 GB,8Gb,4 cam (108MP + 12MP + 10MP + 10 MP),40 MP,Li-Po 5000mAh,"White,Black,Green,Burgundy",Quad HD+,Sạc nhanh 45W,,new,Samsung Galaxy S22 Ultra (5G) 8GB 128GB Chính hãng,,2 nano SIM,,Samsung,New,,,,,,,,,,,,,,,,,,,,,,
6.82 inches,SC9863A 8 nhân 1.6GHz,Android 11 (phiên bản Go) | 2 năm cập nhật bảo mật hàng quý,32 GB,3 GB,13MP AF + 2MP FF Cảm biến độ sâu,5 MP,6000 mAh,"Blue,Green",,,,,Nokia C30 3Gb 32Gb – Sản phẩm chính hãng,,2 SIM (Nano-SIM),,,,NEW,NOKIA,,,,,,,,IPS LCD,,,,,,,,,,,,
6.43 inches,Snapdragon 695 5G 8 nhân,Android 11 - ColorOS 12,128 GB,8 GB,"Cụm 3 camera Chính 64 MP & Phụ 2 MP, 2 MP",16 MP,"4,500 mAh","Black,Silver",1080 x 2400 pixels (FullHD+),,,new,Oppo Reno 7 Z (5G) 8GB 128GB Chính hãng,,2 SIM (Nano-SIM),,Oppo,,NEW,OPPO,,,,,,,,AMOLED,,,,,,,,,,,,
11 inches,Snapdragon 8+ Gen 1 (4 nm),"Android 13, MIUI 14",128GB,8Gb,50MP - 2MP,20MP,8600 mAh,"Gold,Blue,Black",1800 x 2880 pixels,67W,Xiaomi,new,Xiaomi Pad 6 Pro 8GB 128GB Box,,,,,,,,,,,,,,,,,,,,,,,,,,,
,,,,,,,,,,,,,iPhone 15 Pro 256GB VN/A - Tặng BH rơi vỡ vào nước,,,,,,,,,,,,,,,,,,,,,,,,,,,
6.4 inches,2 nhân 2.4 GHz & 6 nhân 2 GHz,Android 12,128 GB,8 GB,"Camera chính: 48 MP, F1.8 Camera góc siêu rộng: 8 MP, F2.2 Camera macro: 5 MP, F2.4 Camera chân dung: 2.0 MP, F2.4","13 MP, f/2.2",5000 mAh,"Black,Blue,Orange,White","Super AMOLED, 6.4"", Full HD+",Sạc nhanh 25W,,new,Samsung Galaxy A33 (5G) 8GB 128GB Chính hãng cũ,,2 SIM (Nano-SIM),,,,,,,,,,,,,,,,,,Cáp Type C,,,,,,,
6.4 inches,Exynos 1380,"Android 13, One UI 5.1",128GB,8Gb,50MP -12MP - 5MP,32.0 MP,5000 mAh,"Green,Black,Purple",1080 x 2400 pixels,Sạc nhanh 25W,Samsung,new,Samsung Galaxy A54 (5G) 8GB 128GB Chính Hãng,,,,,,,,,,,,,,,,,,,,,,,,,,,
6.74 inchs,Qualcomm SM8475 Snapdragon 8+ Gen 1 (4 nm),"Android 13, Realme UI 4.0",1 TB,16 GB,50Mp + 8MP + 2MP,16 MP,5000 mAh,"White,Purple,Black",1240 x 2772 pixels,,,new,Realme GT Neo 5 (240W) 16Gb 1TB Box,,,,Realme,,,,,,,,,,,,,,,,,,,,,,,
6.67 inches,Snapdragon 8 Gen 2 (4 nm),"Android 14, HyperOS",256GB,12G6,50MP - 8MP - 2MP,16MP,120W,Black,1440 x 3200 pixels,,Xiaomi,New,Xiaomi Redmi K70 16GB 256G Box,,,,,,,,5000mAh,,,,,,,,,,,,,,,,,,,
"Màn ngoài: 6,3 inch - Màn trong: 7,6 inch",Snapdragon 8 Gen 3 (4 nm),"Android 14, One UI 6.1",1TB,12GB,50MP - 10MP - 12MP,10MP,4400 mAh,"Navy, Silver Shadow, Pink",1856 x 2160 pixels,45W,Samsung,New,Samsung Galaxy Z Fold6 (5G) 12GB 1TB Chính Hãng,,,,,,,,,,,,,,,,,,,,,,,,,,,
"6,67 inches",Qualcomm Snapdragon 685,Android,256GB,8GB,108MP - 8MP - 2MP,16MP,5000 mAh,33W,1080 x 2400 pixels,,Xiaomi,New,Xiaomi Redmi Note 13 8GB 256GB Chính Hãng,,,,,,,,,,,,,,,,,,,,,,,,,,,
6.67 inches,Mediatek Dimensity 8200 (4 nm),"Android 12, MIUI 13",128GB,8Gb,Triple cam (48MP + 2MP + 2MP),20MP,5500 mAh,"White,Black,Green",1440 x 3200 pixels,67W,,new,Xiaomi Redmi K60e (5G) 8GB 128GB Box,,,,Xiaomi,,,,,,,,,,,,,,,,,,,,,,,
6.1 inch,Apple A14 Bionic (5nm),iOS 14,128 GB,4 GB,Dual 12 MP,12 MP,Li-Ion 2815 mAh,"Black,Blue,Green,Red,White,Purple",1170 x 2532 pixels,,,new,iPhone 12 128GB Chính hãng VN/A - Tặng BH rơi vỡ vào nước,,1 nano SIM + 1 eSIM,,Apple,,,,,,,,,,,,,,,,,,,,,,,
6.67 inches,Mediatek Dimensity 6080 (6 nm),"Android 13, MIUI 14",256GB,12GB,100MP – 2MP,16MP,5000mAh,"Black, Blue, WHite",1080 x 2400 pixels,33W,Xiaomi,New,Xiaomi Redmi Note 13 (5G) 12GB 256GB Box,,,,,,,,,,,,,,,,,,,,,,,,,,,
6.74 inchs,Qualcomm SM8475 Snapdragon 8+ Gen 1 (4 nm),"Android 13, Realme UI 4.0",1 TB,16 GB,50Mp + 8MP + 2MP,16 MP,5000 mAh,"White,Purple,Black",1240 x 2772 pixels,150W,,new,Realme GT Neo 5 16Gb 1TB Box,,,,Realme,,,,,,,,,,,,,,,,,,,,,,,
6.67 inches,Qualcomm SM7325 Snapdragon 778G 5G (6 nm),"Android 12, MIUI 14",128GB,6GB,108MP - 8MP - 2MP,16 MP,5000 mAh,"Blue,Black,Yellow",1080 x 2400 pixels,67W,,new,Xiaomi Poco X5 Pro (5G) 6GB 128GB Chính Hãng,,,,Xiaomi,,,,,,,,,,,,,,,,,,,,,,,
6.67 inches,Snapdragon 7s Gen 2,"Andoid 13, MIUI 14",128GB,8GB,200MP + 8MP + 2MP,16MP,5100mAh,"Black. Blue, White, Violet",1220 x 2712 pixels,67W,Xiaomi,New,Xiaomi Redmi Note 13 Pro (5G) 8GB 128GB Box,,,,,,,,,,,,,,,,,,,,,,,,,,,
6.7 inches,Snapdragon 8+ Gen 1 (4 nm),"Android 12, One UI 4.1.1",128 GB,8 GB,"Camera góc rộng: 12 MP, f/1.8, PDAF, OIS Camera góc siêu rộng: 12 MP, f/2.2, 123˚","10 MP, f/2.4",3700 mAh,"Blue,Gold,Graphite Black,Violet",,,,new,Samsung Galaxy Z Flip4 (5G) 128GB Chính hãng,"Màn hình chính: 6.7 inchesMàn hình phụ: 2.1 inches, Super AMOLED120Hz, HDR10+, 1200 nits (peak)",2 SIM (nano‑SIM và eSIM),,Samsung,,,,,,,,,,,Dynamic AMOLED 2X,,,,,,,,,,,,
6.8 inches,Snapdragon 8 Gen 2 (4 nm),"Android 13, Redmagic OS 8",256GB,8GB,50MP - 8MP - 2MP,16MP,"Li-Po 6000 mAh,",,1116 x 2480 pixels,80W,Nubia,,ZTE nubia Red Magic 8S Pro 12GB 256GB Box,,,,,,,,,,,,,,,,,,,,,,,,,,,
6.67 inches,Mediatek Helio G99 Ultra,"Android 13, MIUI 14",256GB,8GB,200MP - 8MP - 2MP,16MP,5000 mAh,"Purple, Green, Black",1080 x 2400 pixels,67W,Xiaomi,New,Xiaomi Redmi Note 13 Pro (4G) 8GB 256GB Chính Hãng ,,,,,,,,,,,,,,,,,,,,,,,,,,,
11 inchs,Qualcomm SM8250-AC Snapdragon 870 5G (7 nm),"Android 13, MIUI 14",128GB,8GB,13MP,8MP,8840mAh,"Gold,Blue,Black",1800 x 2880 pixels,33W,Xiaomi,New,Xiaomi Pad 6 8GB 128GB Box,,,,,,,,,,,,,,,,,,,,,,,,,,,
6.73 inch,Snapdragon 8 Gen 2 (4 nm),,128GB,8Gb,50MP + 50MP + 50MP,32 MP,4820mAh,"White,Green,Black",1440 x 3200 pixels,Sạc nhanh 120W,,new,Xiaomi 13 Pro (5G) 8GB 128GB Box,,,,Xiaomi,,,,,,,,,,,,,,,,,,,,,,,
6.7 inches,Snapdragon 8+ Gen 1 (4 nm),"Android 12, One UI 4.1.1",256 GB,6GB + Mở rộng 5GB,"Camera góc rộng: 12 MP, f/1.8, PDAF, OIS Camera góc siêu rộng: 12 MP, f/2.2, 123˚","10 MP, f/2.4",3700 mAh,"Blue,Gold,Graphite Black,Violet",,,,new,Samsung Galaxy Z Flip4 (5G) 256GB Chính hãng,"Màn hình chính: 6.7 inchesMàn hình phụ: 2.1 inches, Super AMOLED120Hz, HDR10+, 1200 nits (peak)",2 SIM (nano‑SIM và eSIM),,Samsung,,,,,,,,,,,Dynamic AMOLED 2X,,,,,,,,,,,,
"6,67 inches",Qualcomm Snapdragon 685,Android,128GB,8GB,108MP - 8MP - 2MP,16MP,5000 mAh,33W,1080 x 2400 pixels,,Xiaomi,New,Xiaomi Redmi Note 13 8GB 128GB Chính Hãng,,,,,,,,,,,,,,,,,,,,,,,,,,,
6.1 inch,Apple A13 Bionic (7 nm+),iOS 13,128 GB,4 GB,Dual 12 MP,12 MP,Li-Ion 3110mAh,"Yellow,Black,White,Green,Purple,Red",828 x 1792 pixels,,,new,iPhone 11 128GB Chính hãng VN/A - Tặng BH rơi vỡ vào nước,,1 nano SIM + 1 eSIM,,Apple,,,,,,,,,,,,,,,,,,,,,,,
6.6 inch,Snapdragon 8 Gen 1 8 nhân,"Android 12, One UI 4",256 GB,8Gb,50MP – 10MP – 12MP,10 MP,Li-Po 4800mAh,"Black,White,Green,Pink Gold",1080 x 2340 pixels (Full HD+),Sạc nhanh 25W,,new,Samsung Galaxy S22 Plus (5G) 8GB 256GB Chính hãng,,2 nano SIM,,Samsung,New,,,,,,,,,,,,,,,,,,,,,,
"AMOLED, 6.67 inches, 120Hz",Mediatek Dimensity 6300 (6 nm),"Android 14, ColorOS 14",256GB,12GB,50MP - 8MP - 2MP,32 MP,5000 mAh,"Green, Orange",1080 x 2400 pixels,45W,oppo,New,Oppo Reno 12F (5G) Chính Hãng,,,,,,,,,,,,,,,,,,,,,,,,,,,
6.67 inches,Mediatek MT8781 Helio G99 (6nm),"Android 13, HIOS 13",256GB,8GB,64MP - 2MP,32MP,Li-Po 5000 mAh,"Black, Blue",1080 x 2400 pixels,33W,Tecno,New,TECNO Camon 20 Pro (8+8GB/256GB) - Chính Hãng,,,,,,,,,,,,,,,,,,,,,,,,,,,
6.6 inches,Qualcomm SM6375 Snapdragon 695 5G (6 nm),"Android 12, One UI 4.1",128GB,4 GB,50MP + 5MP + 2MP + 2MP,Dual (8MP + 8MP),"5000 mAh, 25 W","Blue,Black",1080 x 2408 pixels (Full HD+),Sạc nhanh 25W,,new,Samsung Galaxy A23 (5G) 4GB 128GB Chính hãng,,2 nano SIM,,Samsung,,,,Hỗ trợ thẻ nhớ microSDXC,,,,,,,,,,,,,,,,,,,
6.7 inches,MediaTek Dimensity 1080 (6 nm),"Android 13, Realme UI 4.0",128GB,8Gb,108MP - 8MP - 2MP,16 MP,5000 mAh,"Blue,White,Black",1080 x 2412 pixels,67W,,new,Realme 10 Pro Plus 8GB 128GB Box,,,,Realme,,,,,,,,,,,,,,,,,,,,,,,
6.7 inches,Snapdragon 8 Gen 2 for Galaxy,"Android 13, One UI 5.1",512 GB,8Gb,12MP - 12MP,10 MP,3700 mAh,"Cream,Ocean Green,Lavender,Graphite Black",1080 x 2640 pixels,Sạc nhanh 25W,Samsung,new,Samsung Galaxy Z Flip5 8GB 512GB Chính Hãng,,,"3,4 inchs",,,,,,,,,,,,,,,,,,,,,,,,
6.52 inches,Unisoc T606,Android™ 12,64GB,3 GB,"AI 50MP AF, f/1.8+ 2MP, cảm biến độ sâu trường ảnh","8 MP, f/2.0",5000mAh3 pin liền,"Xanh Dương,Xám",,,,,Nokia G11 Plus 3GB 64GB Chính hãng,,Nano-SIM,,,,,,,,,,,,,,,,,,,,,,,,,
"AMOLED, 6.43"", Full HD+",MediaTek Helio G96 8 nhân,Android 11,128GB,8 GB,"Chính 108 MP & Phụ 8 MP, 2 MP, 2 MP",16 MP,"5000 mAh,33 W","Blue,Gray,White",,,,new,Xiaomi Redmi Note 11S 8GB 128GB Chính hãng,,"2 Nano SIM, Hỗ trợ 4G",,,,NEW,XIAOMI,,,,,,,,,,,,,,,,,,,,
6.7 inches,Google Tensor G3,,128GB,12 GB,Triple (50MP + 64MP + 48MP),,4950,"Gray,White,Black",1344 x 2992,,,,Google Pixel 8 Pro Fullbox Quốc Tế,,,,,,,,,,,,,,,,,,,,,,,,,,,
6.67 inches,Snapdragon 7s Gen 2,"Andoid 13, MIUI 14",256GB,12GB,200MP + 8MP + 2MP,16MP,5100mAh,"Black. Blue, White, Violet",1220 x 2712 pixels,67W,Xiaomi,New,Xiaomi Redmi Note 13 Pro (5G) 12GB 256GB Box,,,,,,,,,,,,,,,,,,,,,,,,,,,
6.1 inch,Apple A16 Bionic,iOS 16,512GB,6GB,Camera chính: 48MP Camera góc siêu rộng: 12MP Camera tele: 12MP,,"3,200mAh","Deep Purple,Space Black,Silver,Gold",,,Apple,new,iPhone 14 Pro 512GB VNA - Tặng BH rơi vỡ vào nước,,"2 Nano SIM (SIM 2 chung khe thẻ nhớ), Hỗ trợ 5G",,,,,,,,,,,,,,,,,,,,,,,,,
6.67 inches,Qualcomm Snapdragon 685 (6 nm),"Android 13, MIUI 14",128GB,4GB,50MP - 8MP - 2MP,13 MP,5000 mAh,"Green,Blue,Black",1080 x 2400 pixels,33w,,new,Xiaomi Redmi Note 12 4GB 128GB Chính Hãng,,,,Xiaomi,,,,,,,,,,,,,,,,,,,,,,,
"2,4 inch",Unisoc T107,,128MP,48MP,0.08MP,,1200mAh,Black,240X320,,iNoi,New,iNoi 244 (4G) Chính Hãng,,2 sim,,,,,,,,,,,,,,,,,,,,,,,,,
"Màn ngoài: 3,4 inch - Màn Trong: 6,7 inch",Snapdragon 8 Gen 3 (4 nm),"Android 14, One UI 6.1",256GB,8GB,50MP - 12MP,10MP,"4000 mAh,","Yellow, Silver Shadow, Mint, Blue",1080 x 2640 pixels,25W,Samsung,New,Samsung Galaxy Z Flip6 (5G) 12GB 256GB Chính Hãng,,1 Sim VL + 1Esim,,,,,,,,,,,,,,,,,,,,,,,,,
6.67 inches,MediaTek Dimensity 1080 (6 nm),"Androi 12, MIUI 13",256 GB,12 GB,50Mp + 8MP + 2MP,16 MP,5000 mAh,"Blue,Black,Purple,White",1080 x 2400 pixels,67W,,new,Xiaomi Redmi Note 12 Pro (5G) 12GB 256GB Box,,,,Xiaomi,,,,,,,,,,,,,,,,,,,,,,,
6.73 inch,Snapdragon 8 Gen 2 (4 nm),,256 GB,8Gb,50MP + 50MP + 50MP,32 MP,4820mAh,"White,Green,Black",1440 x 3200 pixels,Sạc nhanh 120W,,new,Xiaomi 13 Pro (5G) 8GB 256GB Box,,,,Xiaomi,,,,,,,,,,,,,,,,,,,,,,,
"6.71inch, IPS LCD, 90Hz, 500 nits",Mediatek Helio G36 (12 nm),"Android 14, MIUI",64GB,3GB,8MP - 0.08MP,5MP,5000mAh,"Black, Blue, Green",720 x 1650 pixels,10W,Xiaomi,New,Xiaomi Redmi A3 Chính Hãng - Bảo Hành 18 Tháng,,2 Sim,,,,,,,,,,,,,,,,,,,,,,,,,
6.67 inches,Dimensity 7200 Ultra (4 nm),"Android 13, MIUI 14",256GGB,12GB,200MP - 8MP - 2MP,16MP,5000 mAh,"Black, White, Violet",1220 x 2712 pixels,120W,Xiaomi,New,Xiaomi Redmi Note 13 Pro Plus (5G) 12GB 256GB Box,,,,,,,,,,,,,,,,,,,,,,,,,,,
6.78 inch,MediaTek Helio G99,Android,256GB,12GB,64MP - 2MP,13MP,5000mAh,"Black, Blue, Purple",1080x2460,33W,Oscal,New,Oscal Tiger 12 12GB 256GB Chính Hãng,,2 Nano sim,,,,,,,,,,,,,,,,,,,,,,,,,
6.7 inches,Exynos 2400,"Android 14, One UI 6.1",512GB,12GB,50MP - 10MP - 12MP,12MP,4900 mAh,"Black, Purple, Gray, Yellow",1440 x 3088 pixels,45W,Samsung,New,Samsung Galaxy S24 Plus (5G) 12GB 512GB Chính Hãng,,,,,,,,4900 mAh,,,,,,,,,,,,,,,,,,,
,,,,,,,,,,,,,Samsung Galaxy S24 (5G) 8GB 512GB Chính Hãng,,,,,,,,,,,,,,,,,,,,,,,,,,,
"6,82 inchs",Mediatek MT8781 Helio G99 (6nm),"Android 12, HIOS",128GB,8 GB,50MP,8MP,6000 mAh,"Blue,Black",720 x 1600 pixels,sạc nhanh 18W,,new,TECNO Pova 4 (4G) (8+8GB/128GB) - Chính Hãng,,,,,,,Tecno,,,,,,,,,,,,,,,,,,,,
6.67 inches,,"Android 13, MIUI 14",512 GB,12 GB,64MP – 8MP – 2MP,,5000 mAh,"White,Black,Blue",1080 x 2400 pixels,67W,Xiaomi,new,Xiaomi Redmi Note 12 Turbo 12GB 512GB Box,,,,,,,,,,,,,,,,,,,,,,,,,,,
6.2 inches,Exynos 2400,"Android 14, One UI 6.1",256GB,8GB,50MP - 10MP - 12MP,12MP,4000 mAh,"Black, Purple, Gray, Yellow",1080 x 2340 pixels,25W,Samsung,New,Samsung Galaxy S24 (5G) 8GB 256GB Chính Hãng,,,,,,,,,,,,,,,,,,,,,,,,,,,
6.43 inches,Qualcomm® Snapdragon™ 662,"ColorOS 11.1, Android 11",128 GB,8 GB,"Camera chính: 48MP, f/1.7, AF Camera chân dung: 2MP, f/2.4 Camera macro: 2MP, f/2.4","16MP, f/2.45",5000 mAh,"Black,Silver",1080 x 2400 pixels (FullHD+),,,,Oppo A95 8GB 128GB Chính hãng,,2 SIM (Nano-SIM),,,,NEW,OPPO,,,,,,,,,,,,,,,,,,,,
6.53 inches,MediaTek Helio G25 8 nhân,MIUI 11 - Android 10,32 GB,2GB,13 MP,5 MP,Li-Po 5000mAh,"Green,Black,Blue",HD+ (720 x 1600 pixels),,,new,Xiaomi Redmi 9A 2GB 32GB Chính hãng,,,,,,,XIAOMI,,,,,,,,,,,,,,,,,,,,
,MediaTek MT6761 (Helio A22),Android 12,32 GB,2 GB,Chính 8MP & Phụ QVGA,5 MP,5000 mAh,"Black,Blue",,,,new,Xiaomi Redmi A1 2GB 32GB Chính hãng,,"2 Nano SIM, Hỗ trợ 4G",,Xiaomi,,,,,,,,,,,,,,,,,,,,,,,
,MediaTek Dimensity 900 5G,Android 11,128 GB,8Gb,"Chính 64 MP & Phụ 8 MP, 2 MP",32 MP,"4300 mAh, 65 W","Silver,Black","AMOLED, 6.43"", Full HD+",,,new,OPPO Reno6 (5G) 6GB 128GB Chính hãng,,"2 Nano SIM, Hỗ trợ 5G",,Oppo,,,,,,,,,,,,,,,,,,,,,,,
6.7 inches,MediaTek Dimensity 1080 (6 nm),"Android 13, Realme UI 4.0",256 GB,8Gb,108MP - 8MP - 2MP,16 MP,5000 mAh,"Blue,White,Black",1080 x 2412 pixels,67W,,new,Realme 10 Pro Plus 8GB 256GB Box,,,,Realme,,,,,,,,,,,,,,,,,,,,,,,
6.56 inch,Mediatek MT6765G Helio G35 (12 nm),,128GB,4GB,13MP – 2MP,8MP,5000 mAh,"Green,Gold,Black",720 x 1612 pixels,,,new,Oppo A57 4GB 128GB Chính Hãng,,,,Oppo,,,,,,,,,,,,,,,,,,,,,,,
"6,7 icnhes",Helio G85,"Hệ điều hành BOS, bảo mật chống trộm, điều khiển bằng cử chỉ",128GB,4GB,4 cam ( 16Mp + 2Mp + 5Mp + 2Mp ),8MP chụp góc rộng,"Pin 5.000 mAh, sạc nhanh 18 W",White,,,,,BPhone A50 chính hãng,,,,,,,,,,,,,,,,,,,,,,,,,,,
6.72 inchs,Mediatek Helio G88 (12nm),"Android 13, Realme UI 4.0",128GB,6 GB,64MP - 2MP,8MP,,"Gold,Black",1080 x 2400 pixels,,Realme,new,Realme C55 (4G) 6GB 128GB Chính Hãng,,,,,,,,,,,,,,,,,,,,,,,,,,,
6.79 inchs,Mediatek Helio G88 (12nm),"Android 13, MIUI 14",128GB,4GB,50MP - 8MP - 2MP,8MP,5000 mAh,"Silver,Blue,Black",1080 x 2460 pixels,sạc nhanh 18W,Xiaomi,new,Xiaomi Redmi 12 (4G) 4GB 128GB Chính Hãng,,,,,,,,,,,,,,,,,,,,,,,,,,,
6.67 inches,Snapdragon 7s Gen 2,"Andoid 13, MIUI 14",256GB,8GB,200MP + 8MP + 2MP,16MP,5100mAh,"Black. Blue, White, Violet",1220 x 2712 pixels,67W,Xiaomi,New,Xiaomi Redmi Note 13 Pro (5G) 8GB 256GB Chính Hãng,,,,,,,,,,,,,,,,,,,,,,,,,,,
,,,,,,,,,,,,,Xiaomi 14 (5G) 16GB 1TB Box,,,,,,,,,,,,,,,,,,,,,,,,,,,
6.36 inch,Snapdragon 8 GEN 2,,256 GB,8Gb,50MP – 10MP – 12MP,32 MP,"Androi 13, MIUI 14","White,Blue,Black",1080 x 2400 pixels,67W,,,Xiaomi 13 (5G) 8GB 256GB Chính Hãng,,,,,,,,,,,,,,,,,,,,,,,,,,,
"AMOLED 6,78 inch",Mediatek Helio G99 Ultimate,"Android 14, HIOS 14",256GB,8GB,50 MP - 2 MP,50 MP,5000 mAh,"Black, White, Brown",1080 x 2436 pixels,70W,Tecno,New,TECNO Camon 30 (8+8GB/256GB) - Chính Hãng,,,,,,,,,,,,,,,,,,,,,,,,,,,
"6.67inch AMOLED, 68B màu, 120Hz,",Snapdragon 8s Gen 3 (4 nm),"Android 14, HyperOS",256GB,12GB,50MP - 8MP - 2MP,20MP,5000mAh,,1220 x 2712 pixel,,Xiaomi,New,Xiaomi Redmi Turbo 3 Box - Bảo hành 15 Tháng,,,,,,,,,,,,,,,,,,,,,,,"179 g (6,31 oz)",,,,
6.8 inches,Qualcomm SM8550 Snapdragon 8 Gen 2 (4 nm),,512GB,12 GB,200MP - 10MP - 10MP,12MP,5000 mAh,"Green,Lavender,Cream,Aura Black",1440 x 3088 pixels (QHD+),Sạc nhanh 25W,,new,Samsung Galaxy S23 Ultra (5G) 12GB 512GB Chính Hãng,,,,Samsung,,,,,,,,,,,,,,,,,,,,,,,
6.73 inchs,Qualcomm SM8550-AB Snapdragon 8 Gen 2 (4 nm),"Android 13, MIUI 14",256GB,12GB,50MP - 50MP - 50MP - 50MP,32MP,Li-Po 5000 mAh,"Black, Green",1440 x 3200 pixels,90W,Xiaomi,New,Xiaomi 13 Ultra 12GB 256GB Box,,,,,,,,,,,,,,,,,,,,,,,,,,,
"6,7 icnhes",Helio G85,"Hệ điều hành BOS, bảo mật chống trộm, điều khiển bằng cử chỉ",128GB,6GB,4 cam ( 16Mp + 2Mp + 5Mp + 2Mp ),8MP chụp góc rộng,"Pin 5.000 mAh, sạc nhanh 18 W",Blue,,,,,BPhone A60 chính hãng,,,,,,,,,,,,,,,,,,,,,,,,,,,
6.5 inches,MediaTek Helio G35,,64 GB,4GB,"Camera góc rộng: 50 MP, f/2.2, 25mm 1/3.06"", 1.12µm, PDAF Camera cận cảnh: 2 MP, f/2.4 Camera xóa phông: 2 MP, f/2.4","16 MP, f/2.0",Li-Po 5000 mAh,"Black,Blue",,,,new,Oppo A55 4GB 64GB Chính hãng,,2 SIM (Nano-SIM),,,,NEW,OPPO,,,,,,,,IPS LCD,,,,,,,,,,,,
,Unisoc T606 8 nhân,Android 11,32 GB,3 GB,Chính 48 MP & Phụ 2 MP,5 MP,5000 mAh,"Black,Blue,Red","HD+ (720 x 1600 Pixels), Chính 48 MP & Phụ 2 MP, 5 MP",,,new,Samsung Galaxy A03 (4G) 3GB 32GB Chính hãng,,2 nano SIM,,Samsung,,New,,,,,,,,,PLS LCD,,,,,,,,,,,,
6.7 inches,Qualcomm SM6375 Snapdragon 695 5G (6 nm),"Android 13, ColorOS 13",128GB,8Gb,108MP - 2MP - 2MP,32 MP,Li-Po 4800mAh,"Gold,Black",1080 x 2412 pixels,67W,,new,Oppo Reno 8T (5G) 8GB 128Gb Chính Hãng,,,,Oppo,,,,,,,,,,,,,,,,,,,,,,,
6.67 inches,Qualcomm SM8250 Snapdragon 865 5G (7 nm+),"Android 10, upgradable to Android 11, MIUI 12.5 E",256GB,8GB,108MP – 13MP – 5MP,20MP,5000mAh,"Back, Blue, Silver",1080 x 2400 pixels,33W,,,Xiaomi Mi 10T Pro (5G) 8GB 256GB Chính Hãng,,,,Xiaomi,New,,,,,,,,,,,,,,,,,,,,,,
6.7 inches,MediaTek Dimensity 8100 (5 nm),"Android 12, upgradable to Android 13, Realme UI 3.0",256 GB,12 GB,50Mp + 8MP + 2MP,16 MP,5000 mAh,"White,Black,Blue",1080 x 2412 pixels,80W,Realme,new,Realme GT Neo 3 12GB 256GB (80W) Box,,,,,,,,,,,,,,,,,,,,,,,,,,,
,,,,,,,,,,,,,Xiaomi Redmi K50 Ultra Demo 12GB 512Gb,,,,,,,,,,,,,,,,,,,,,,,,,,,
8.02 inches (màn hình chính) - 6.56 inches (màn hình phụ),Snapdragon 8+ Gen 1 (4 nm),"Android 12, MIUI Fold 13",256GB,12GB,50MP - 8MP - 13MP,20MP,Li-Po 4500 mAh,"Black, Gold",1914 x 2160 pixels,67W,,,Xiaomi Mix Fold2 12GB 256GB Box,,,,,,New,Xiaomi,,,,,,,,,,,,,,,,,,,,
,,,,,,,,,,,,,Realme 10 Pro Plus 12GB 256GB Box,,,,,,,,,,,,,,,,,,,,,,,,,,,
11 inches,Snapdragon 8+ Gen 1 (4 nm),"Android 13, MIUI 14",256 GB,12 GB,50MP - 2MP,20MP,8600 mAh,"Gold,Blue,Black",1800 x 2880 pixels,67W,Xiaomi,new,Xiaomi Pad 6 Pro 12GB 256GB Box,,,,,,,,,,,,,,,,,,,,,,,,,,,
6.6 inch,Dimensity 1080,"Android 13, One UI 5",256GB,8Gb,48MP - 8MP - 5MP,13 MP,5000 mAh,"Silver,Black,Green",1080 x 2400 pixels,Sạc nhanh 25W,Samsung,new,Samsung Galaxy A34 (5G) 8GB 256GB Chính Hãng,,,,,,,,,,,,,,,,,,,,,,,,,,,
6.6 inch,Dimensity 1080,"Android 13, One UI 5",128GB,8Gb,48MP - 8MP - 5MP,13 MP,5000 mAh,"Silver,Black,Green",1080 x 2400 pixels,Sạc nhanh 25W,Samsung,new,Samsung Galaxy A34 (5G) 8GB 128GB Chính Hãng,,,,,,,,,,,,,,,,,,,,,,,,,,,
6.73 inch,Snapdragon 8 Gen 2 (4 nm),,256 GB,12 GB,50MP + 50MP + 50MP,32 MP,4820mAh,"White,Green,Black",1440 x 3200 pixels,Sạc nhanh 120W,,new,Xiaomi 13 Pro 12GB 256GB Chính Hãng,,,,Xiaomi,,,,,,,,,,,,,,,,,,,,,,,
"6,67 inches",Qualcomm Snapdragon 685,Android,128GB,6GB,108MP - 8MP - 2MP,16MP,5000 mAh,33W,1080 x 2400 pixels,,Xiaomi,New,Xiaomi Redmi Note 13 6GB 128GB Chính Hãng,,,,,,,,,,,,,,,,,,,,,,,,,,,
"6.72 inches, IPS LCD",Mediatek MT6769 Helio G85 (12nm),"Android 13, Android 14, ColorOS 14",128GB,6GB,50 MP - 2 MP,8 MP,5000mAh,"Black, Green",1080 x 2400 pixels,33W,,New,Oppo A58 (4G) 6GB 128GB Chính Hãng ,,2 Sim,,,,,,,,,,,192 g,,,,,,Mali-G52 MC2,,,,,,,,
6.6 inches,Unisoc T606 Octa-Core 1.6GHz,Andoid,128GB,8GB,50MP - 2MP - 2MP,8MP,5000 mAh,"Black, Green, Violet",,22.5W,ZTE,New,ZTE Blade V50 Design 8GB 128GB Chính Hãng ,,,,,,,,,,,,,,,,,,,,,,,,,,,
"6.56inch, IPS LCD",Mediatek MT6769 Helio G85 (12nm),"Android 13, Android 14, ColorOS 14",64GB,4GB,"8 MP - 2 MP,",,5000 mAh,"Black, Blue","720 x 1612 pixel,",,,New,OPPO A18 4GB 64GB Chính Hãng ,,2 Sim,,,,,,,,,,,188 g,,,,,,Mali-G52 MC2,,,,,,,,
6.67 inches,Qualcomm SM8475 Snapdragon 8+ Gen 1 (4 nm),Android 13,256 GB,8Gb,"Camera góc rộng: 64MP, f/1.8, 1/2"", 0,7µm, PDAF, OIS Camera góc siêu rộng: 8MP, 120˚, 1/4"", 1,12µm Camera macro: 2MP, f/2.4","Camera góc rộng: 16MP, 1/3.06"", 1.0µm",5500 mAh,"Blue,Black,Silver,Green",,67W,,new,Xiaomi Redmi K60 (5G) 8GB 256GB Box,"68 tỷ màuTần số quét 120Hz, Dolby Vision, HDR10+, 1400 nits68 tỷ màu",2 SIM (Nano-SIM),,Xiaomi,,,,,,,,,,,OLED,,,,,,,,,,,,
6.5 inches,Exynos 1280,"Android 13, One UI 5.1",128GB,8GB,50MP - 8GB - 2MP,13MP,6000 mAh,"Black, Silver, Blue",1080 x 2340 pixels,25W,Samsung,New,Samsung Galaxy M34 (5G) 8GB 128GB Chính Hãng,,,,,,,,,,,,,,,,,,,,,,,,,,,
"6,56 inch, IPS LCD",Lõi tám (2x2.0 GHz Cortex-A75 & 6x1.8 GHz Cortex-A55),"Android 13, Android 14, ColorOS 14",64GB,4GB,50 MP - 2 MP,5 MP,5000mAh,"Black, Gold",720 x 1612 pixel,33W,oppo,New,Oppo A38 4GB 64GB Chính Hãng,,2 Sim,,,,,,,,,,,,,,,,,Mali-G52 MC2,,,Mediatek MT6769 Helio G85 (12nm),,,,,
"6.6-inch HD+, 90Hz",Unisoc T606,Android T,256GB,16GB,50 MP - 2 MP,8 MP,5000 mAh,"Violet, Blue, Gold",HD+,22.5W,ZTE,New,ZTE Nubia V60 Design (6+10GB/ 256GB) Chính Hãng,,,,,,,,,,,,,,,,,,,,,,,,,,,
6.6 inches,Exynos 1480,"Android 14, One UI 6.1",128GB,8GB,50MP - 12MP - 5MP,32MP,5000 mAh,"Black, Blue, Purple",1080 x 2340 pixels,25W,Samsung,New,Samsung Galaxy A55 (5G) 8GB 128GB Chính Hãng,,2 sim,,,,,,,,,,,,,,,,,,,,,,,,,
6.67 inches,Qualcomm SM8475 Snapdragon 8+ Gen 1 (4 nm),Android 13,256 GB,16GB,"Camera góc rộng: 64MP, f/1.8, 1/2"", 0,7µm, PDAF, OIS Camera góc siêu rộng: 8MP, 120˚, 1/4"", 1,12µm Camera macro: 2MP, f/2.4","Camera góc rộng: 16MP, 1/3.06"", 1.0µm",,5500 mAh,"Blue,Black,Silver,Green",,Xiaomi,New,Xiaomi Redmi K60 (5G) 16GB 256GB Box,,,,,,,,,,,,,,,,,,,,,,,,,,,
6.73 inches,Qualcomm SM8475 Snapdragon 8+ Gen 1 (4 nm),"Android 12, MIUI 13",256GB,8GB,50MP - 48MP - 48MP,32MP,Li-Po 4860 mAh,"Black, Dark Green",1440 x 3200 pixels,67W,Xiaomi,New,Xiaomi 12S Ultra (5G) 8GB 256GB Box,,,,,,,,,,,,,,,,,,,,,,,,,,,
6.67 inches,Qualcomm SM8350 Snapdragon 888 5G (5 nm),"Android 11, upgradable to Android 13, MIUI 14",256GB,12GB,108MP – 8MP – 5MP,16MP,5000mAh,"Black, Blue, White",1080 x 2400 pixels,120W,Xiaomi,New,Xiaomi 11T Pro (5G) 12GB 256GB Chính Hãng (Dimensity 8100),,,,,,,,,,,,,,,,,,,,,,,,,,,
,,,,,,,,,,,,,Xiaomi 14 Pro (5G) 16GB 512GB Box,,,,,,,,,,,,,,,,,,,,,,,,,,,
6.1 inch,Apple A16 Bionic,iOS 16,256 GB,6GB,Camera chính: 48MP Camera góc siêu rộng: 12MP Camera tele: 12MP,,"3,200mAh","Deep Purple,Space Black,Silver,Gold",,,Apple,new,iPhone 14 Pro 256GB VNA  - Tặng BH rơi vỡ vào nước,,"2 Nano SIM (SIM 2 chung khe thẻ nhớ), Hỗ trợ 5G",,,,,,,,,,,,,,,,,,,,,,,,,
6.73 inches,Snapdragon 8+ Gen 1 (4 nm),"Android 12, MIUI 13",128GB,8GB,50MP - 50MP - 50MP,32MP,4600 mAh,"Black, White, Green",1440 x 3200 pixels,120W,Xiaomi,New,Xiaomi 12S Pro 8GB 128GB Box,,,,,,,,,,,,,,,,,,,,,,,,,,,
6.74 inchs,Snapdragon 7+ Gen 2,"Android 13, Realme UI 4.0",256 GB,8Gb,64MP – 8MP – 2MP,16 MP,5500 mAh,"Blue,Black,White",1240 x 2772 pixels,100W,Realme,new,Realme GT Neo 5 SE 8GB 256GB Box,,,,,,,,,,,,,,,,,,,,,,,,,,,
6.67 inches,MediaTek Dimensity 1080 (6 nm),"Androi 12, MIUI 13",256 GB,8Gb,50Mp + 8MP + 2MP,16 MP,5000 mAh,"Blue,Black,Purple,White",1080 x 2400 pixels,67W,,new,Xiaomi Redmi Note 12 Pro (5G) 8GB 256GB Box,,,,Xiaomi,,,,,,,,,,,,,,,,,,,,,,,
"6,8 inches",Snapdragon 8 Gen 1 8 nhân,"Android 12, One UI 4",512GB,12 GB,4 cam (108MP + 12MP + 10MP + 10 MP),40 MP,Li-Po 5000mAh,"White,Burgundy,Black,Green",Quad HD+,Sạc nhanh 25W,,new,Samsung Galaxy S22 Ultra (5G) 12GB 512GB Chính hãng,,2 nano SIM,,Samsung,New,,,,,,,,,,,,,,,,,,,,,,
6.7 inches,Qualcomm SM7325 Snapdragon 778G 5G (6 nm),,256 GB,12 GB,50MP - 32MP - 8MP,32 MP,4600mAh,"Purple,Gray",1080 x 2412 pixels,80W,Oppo,new,Oppo Reno 10 Pro (5G) 12GB 256GB Chính Hãng,,,,,,,,,,,,,,,,,,,,,,,,,,,
,,,,,,,,,,,,,Xiaomi 14 (5G) 12GB 256GB Box,,,,,,,,,,,,,,,,,,,,,,,,,,,
6.67 inches,Dimensity 7200 Ultra (4 nm),"Android 13, MIUI 14",512GB,16GB,200MP - 8MP - 2MP,16MP,Li-Po 5000 mAh,"Black, White, Violet",1220 x 2712 pixels,120W,Xiaomi,New,Xiaomi Redmi Note 13 Pro Plus (5G) 16GB 512GB Box,,,,,,,,,,,,,,,,,,,,,,,,,,,
6.67 inches,Snapdragon 7s Gen 2,"Andoid 13, MIUI 14",256GB,8GB,200MP + 8MP + 2MP,16MP,5100mAh,"Black. Blue, White, Violet",1220 x 2712 pixels,67W,Xiaomi,New,Xiaomi Redmi Note 13 Pro (5G) 8GB 256GB Box,,,,,,,,,,,,,,,,,,,,,,,,,,,
11inchs,Qualcomm SM8250-AC Snapdragon 870 5G (7 nm),"Android 13, MIUI 14",128GB,6GB,13MP,8MP,8840mAh,"Gold,Blue,Black",1800 x 2880 pixels,33w,Xiaomi,new,Xiaomi Pad 6 6GB 128GB Box,,,,,,,,,Only Wifi,,,,,,,,,,,,,,,,,,
6.74 inchs,Qualcomm SM8475 Snapdragon 8+ Gen 1 (4 nm),"Android 13, Realme UI 4.0",256 GB,16 GB,50Mp + 8MP + 2MP,16 MP,5000 mAh,"White,Purple,Black",1240 x 2772 pixels,150W,,new,Realme GT Neo 5 16Gb 256GB Box,,,,Realme,,,,,,,,,,,,,,,,,,,,,,,
6.62 inch,Qualcomm SM8250-AC Snapdragon 870 5G (7 nm),"Androi 12, MIUI 13",128GB,8Gb,64MP – 8MP – 2MP,16 MP,5000 mAh,"White,Black,Yellow",1080 x 2400 pixels,80W,,new,Realme Q5 Pro 8GB 128GB Box,,,,Realme,,,,,,,,,,,,,,,,,,,,,,,
6.4 inches,Exynos 2200 (4 nm),"Android 13, upgradable to Android 14, One UI 6",128GB,8GB,50MP - 8MP - 12MP,10MP,Li-Ion 4500 mAh,"Mint, Cream, Graphite, Purple, Indigo, Tangerine",1080 x 2340 pixels,25W,Samsung,New,Samsung Galaxy S23 FE 8GB 128GB Chính Hãng,,,,,,,,,,,,,,,,,,,,,,,,,,,
,,,,,,,,,,,,,Xiaomi 12S 8GB 128GB Likenew Fullbox,,,,,,,,,,,,,,,,,,,,,,,,,,,
6.7 inches,A17 Pro,iOS 17,256 GB,8 GB,"Camera chính: 48MP, 24 mm, ƒ/1.78, Camera góc siêu rộng: 12 MP, 13 mm, ƒ/2.2","12MP, ƒ/1.9",4422 mAh,,2796 x 1290-pixel,,,,iPhone 15 Pro Max 256GB VN/A - Tặng BH rơi vỡ vào nước,,,,,,,,,,CPU 6 lõi mới với 2 lõi hiệu năng và 4 lõi hiệu suất,,,,,Super Retina XDR OLED,,,,,,,,,,,,
"LTPO AMOLED, 6.78 inches, 120Hz",Qualcomm SM8635 Snapdragon 8s Gen 3 (4 nm),"Android 14, Realme UI 5.0",256GB,12GB,50 MP - 8 MP,32 MP,5500 mAh,"Silver, Green, Purple",1264 x 2780 pixels,120W,realme,New,Realme GT Neo 6 12GB 256GB Box - Bảo Hành 15 tháng,,2 Sim,,,,,,,,,,,,,,,,,,,,,,,,,
6.67 inches,Snapdragon 4 Gen 1,,128GB,6 GB,"48 MP, (góc rộng), 0.8µm, PDAF 2 MP, f/2.4, (độ sâu) Quay phim: 1080p@30/60fps","8 MP, f/2.0, (góc rộng), 1/4"", 1.12µm Quay phim: 1080p@30fps",Li-Po 5000 mAh,"Black,Blue,Silver",,,,new,Xiaomi Redmi Note 12 (5G) 6GB 128GB Box,,,,Xiaomi,,,,,,,,,,,,,,,,,,,,,,,
,,,,,,,,,,,,,iPhone 15 Pro Max 1TB VN/A - Tặng BH rơi vỡ vào nước,,,,,,,,,,,,,,,,,,,,,,,,,,,
,Unisoc T107,Nokia S30+,128 MB,48 MB,0.08 MP,,1020 mAh,"Gold,Black,Blue",,,,,Nokia 110 DS 4G – Sản phẩm chính hãng,,"2, Nano SIM",,,,NEW,NOKIA,,,,,,,,,,"1.8"", QQVGA, QVGA",,,,,,,,,,
6.7 inches,Dimensity 7050 (6 nm),"Android 13, Realme UI 4.0",256 GB,12 GB,200MP + 8MP + 2MP,32 MP,5000 mAh,"Green,Gold,Black",1080 x 2412 pixels,100W,Realme,new,Realme 11 Pro Plus (5G) 12GB 256GB Box,,,,,,,,,,,,,,,,,,,,,,,,,,,
6.73 inch,Snapdragon 8 Gen 2 (4 nm),,256 GB,12 GB,50MP + 50MP + 50MP,32 MP,4820mAh,"White,Green,Black",1440 x 3200 pixels,Sạc nhanh 120W,,new,Xiaomi 13 Pro (5G) 12GB 256GB Box,,,,Xiaomi,,,,,,,,,,,,,,,,,,,,,,,
6.74 inchs,Qualcomm SM8475 Snapdragon 8+ Gen 1 (4 nm),"Android 13, Realme UI 4.0",256 GB,12 GB,50Mp + 8MP + 2MP,16 MP,5000 mAh,"White,Purple,Black",1240 x 2772 pixels,150W,,new,Realme GT Neo 5 12GB 256GB Box,,,,Realme,,,,,,,,,,,,,,,,,,,,,,,
1.77 inchs,Unisoc T107,,,,QVGA,,,"Purple,Blue",IPS LCD,,Nokia,new,Nokia 110 4G Pro (2023) Chính Hãng,,"2 Nano SIM, Hỗ trợ 4G",,,,,,,,,,,,,,,,,,,,,,,,,
,,,,,,,,,,,,,iPhone 15 Plus 128GB VN/A - Tặng BH rơi vỡ vào nước,,,,,,,,,,,,,,,,,,,,,,,,,,,
"6.5""",Unisoc SC9863A,,128GB,4GB,50.0 MP + 2.0 MP,8MP,5000mAh,"Green,Black,Pink Gold",720 x 1600 pixels,10w,Nokia,new,Nokia C32 4GB 128GB Chính Hãng,,,,,,,,,,,,,,,,,,,,,,,,,,,
6.8 inches,Mediatek Helio G88 (12nm),"Android 13, HIOS 12.6",128GB,8GB,50MP - 0.8MP,32 MP,Li-Po 5000 mAh,"White, Black",1080 x 2460 pixels,18W,Tecno,New,TECNO Spark 10 Pro (8+8GB/128GB) - Chính Hãng,,,,,,,,,,,,,,,,,,,,,,,,,,,
7.6 inches,Snapdragon 8 Gen 2 for Galaxy,"Android 13, One UI 5.1",512GB,12 GB,50MP - 12MP - 12MP,10MP (bên ngoài) + 4MP (dưới màn hình),4400mAh,"Blue,Black,Cream",1812 x 2176 pixels,Sạc nhanh 25W,Samsung,new,Samsung Galaxy Z Fold5 12GB 512GB Chính Hãng,,,,,,,,,,,,,,,,,,,,,,,,6.2inchs,,,
6.55 inch,Mediatek Dimensity 8200 Ultra (4 nm),"Android 13, MIUI 14",256GB,12GB,50MP – 8MP – 2MP,32MP - 32MP,4500mAh,"Black, Gree, Gold, Violet",1080 x 2400 pixels,67W,Xiaomi,New,Xiaomi Civi 3 12GB 256GB Box,,,,,,,,,,,,,,,,,,,,,,,,,,,
"6,78 inches",Mediatek Helio G99 Ultimate,Android 14,256GB,8GB có thể mở rộng lên 16GB,108MP - 2MP - 32MP,32MP,5000mAh,"Black, White, Gold",,33W,Tecno,New,TECNO Spark 20 Pro+ (8+8GB/256GB) - Chính Hãng ,,,,,,,,,,,,,,,,,,,,,,,,,,,
6.67 inches,Snapdragon 8 Gen 2 (4 nm),Android 13,256 GB,8 GB,"Camera góc rộng: 54MP, f/1.9, 1/1.49"", 1.0µm, PDAF, OIS Camera góc siêu rộng: 8MP, 118˚, 1/4"", 1.12µm Camera macro: 2 MP, f/2.4","Camera góc rộng: 16 MP, 1/3.06"", 1.0µm",5000 mAh,"Green,Black,Silver",,,,new,Xiaomi Redmi K60 Pro (5G) 8GB 256GB Box,Kính cường lực Corning Gorilla Glass VictusTần số quét 120HzDolby VisionHDR10+Độ sáng 1400 nits68 tỷ màu,2 SIM (Nano-SIM),,Xiaomi,,,,,,,,,,,OLED,,,,,,,,,,,,
"6,5 inches",Unisoc T606,Android,128GB,6GB,48MP - 2MP - 2MP,13MP,4000mAh,"Black, Blue",1600 x 720 Pixels,,INOI,New,INOI A83 (4G) 6GB 128GB Chính Hãng ,,,,,,,,,,,,,,,,,,,,,,,,,,,
6.56 inch,Mediatek MT6765 Helio G35 (12 nm),"Android 12, ColorOS 12.1",64GB,3GB,"8 MP, f/2.0",5 MP,5000 mAh,"Gold,Blue",720 x 1612 pixels,,,new,Oppo A17K 3GB 64GB Chính Hãng,,,,Oppo,,,,,,,,,,,,,,,,,,,,,,,
6.8 inches,Snapdragon 8 Gen 3 (4 nm),"Android 14, One UI 6.1",1TB,12GB,200MP - 50MP - 10MP - 12MP,12MP,5000 mAh,"Black, Purple, Gray, Yellow",1440 x 3088 pixels,45W,Samsung,New,Samsung Galaxy S24 Ultra (5G) 12GB 1TB Chính Hãng,,,,,,,,,,,,,,,,,,,,,,,,,,,
,,,,,,,,,,,,,Xiaomi 12S Pro 8GB 128GB ĐKH,,,,,,,,,,,,,,,,,,,,,,,,,,,
,6‑core CPU,,256GB,6GB,Camera chính: 48MP Camerra góc rộng: 12MP Camera Tele: 12MP,12MP,,,,,,,iPhone 15 256GB VN/A - Tặng BH rơi vỡ vào nước,Dynamic Island HDR display True Tone Wide color (P3) Haptic Touch Lớp phủ oleophobia chống dấu vân tay Độ sáng tối đa: 2000 nits,,,,,,,,,,,,,,,,6.1 inches,,,,Apple,Apple A16 Bionic,,,,,
1.8 inchs,Unisoc T107,,,,,,1450mAh,"Blue,Black",,,Nokia,new,Nokia 105 4G Pro (2023) Chính Hãng,,"2 Nano SIM, Hỗ trợ 4G",,,,,,,,,,,,,,,,,,,,,,,,,
6.1 inch,Apple A13 Bionic (7 nm+),iOS 13,64 GB,4 GB,Dual 12 MP,12 MP,Li-Ion 3110mAh,"Purple,Green,Yellow,Black,White",828 x 1792 pixels,,,new,iPhone 11 64GB chính hãng VN/A - Tặng BH rơi vỡ vào nước,,1 nano SIM + 1 eSIM,,Apple,,,,,,,,,,,,,,,,,,,,,,,
6.8 inches,Snapdragon 8 Gen 2 (4 nm),"Android 13, Redmagic OS 8",256GB,8GB,50MP - 8MP - 2MP,16MP,"Li-Po 6000 mAh,",,1116 x 2480 pixels,80W,Nubia,,ZTE nubia Red Magic 8S Pro 8GB 256GB Box,,,,,,,,,,,,,,,,,,,,,,,,,,,
6.52 inches,Unisoc T606,Android™ 12,32 GB,3 GB,"AI 50MP AF, f/1.8+ 2MP, cảm biến độ sâu trường ảnh","8 MP, f/2.0",5000mAh3 pin liền,"Xanh Dương,Xám",,,,,Nokia G11 Plus 3GB 32GB Chính hãng,,Nano-SIM,,,,,,,,,,,,,,,,,,,,,,,,,
6.56 inch,Qualcomm SM6225 Snapdragon 680 4G (6 nm),"Android 12, ColorOS 12.1",128GB,8Gb,50.0 MP + 2.0 MP,8MP,5000 mAh,"Orange,Black",720 x 1612 pixels,,,new,Oppo A77s 8GB 128GB Chính Hãng,,,,Oppo,,,,,,,,,,,,,,,,,,,,,,,
6.67 inches,MediaTek Dimensity 8100-Ultra,"Android 12, MIUI 13",128GB,8Gb,108MP - 8MP - 2MP,20MP,5000 mAh,"Silver,Blue,Black",1220 x 2712 pixels,Sạc nhanh 120W,,new,Xiaomi 12T 8GB 128GB Chính hãng,,2 nano SIM,,Xiaomi,,,,Không hỗ trợ thẻ nhớ,,,,,,,,,,,,,,,,,,,
6.67 inches,MediaTek Dimensity 8100 (5 nm),"Androi 12, MIUI 13",256 GB,12 GB,48MP + 8MP + 2MP,20 MP,Li-Ion 5500mAh,"Green,Gray,Blue,Black",1440 x 3200 pixels,67W,,new,Xiaomi Redmi K50 (5G) 12GB 256GB Box,,,,Xiaomi,,,,,,,,,,,,,,,,,,,,,,,
6.6 inch,Qualcomm SM8550 Snapdragon 8 Gen 2 (4 nm),"Android 13, One UI 5.1",256 GB,8Gb,50MP - 10MP - 12MP,12MP,4700 mAh,"Green,Lavender,Cream,Aura Black",1080 x 2340 pixels,Sạc nhanh 45W,,new,Samsung Galaxy S23 Plus (5G) 8GB 256GB Chính Hãng,,,,Samsung,,,,,,,,,,,,,,,,,,,,,,,
6.6 inches,Helio G25,Android,64GB,4GB,13MP - 2MP,13MP,5000mAh,"Black, Blue",720 x 1612 (HD+),,,,TCL 406S 4GB 64GB Chính Hãng,,,,TCL,New,,,,,,,,,,,,,,,,,,,,,,
6.78 inchs,,,,,,,,,,,,,Xiaomi Redmi Note 12 Pro Plus 8GB 256GB Likenew Fullbox,,,,,,,,,,,,,,,,,,,,,,,,,,,
6.78”FHD+ | Amoled | 120Hz,MTK Helio G99 Ultimate,Android 14,256GB,8GB,108 MP,32 MP,6000mAh,"Gray, Green, Blue",1080 x 2460 pixels (FHD+),70W,Tecno,New,TECNO Pova 6 (8+8GB/256GB) - Chính Hãng,,2 Sim,,,,,,,,,,,,,,,,,,,,,,,,,
6.6 inch,MediaTek MT6833 Dimensity 700 (7 nm),"Android 13, One UI 5",128GB,4GB,50MP + 2MP + 2MP,13MP,Li-Po 5000 mAh,"White,Red,Black",1080 x 2408 pixels,15w,,new,Samsung Galaxy A14 (5G) 4GB 128GB Chính Hãng,,,,Samsung,,,,,,,,,,,,,,,,,,,,,,,
11 inchs,Snapdragon 8+ Gen 1 (4 nm),"Android 13, MIUI 14",256GB,8GB,50MP - 2MP,20MP,8600 mAh,"Black, Blue, Gold",1800 x 2880 pixels,67W,Xiaomi,New,Xiaomi Pad 6 Pro 8GB 256GB Box,,,,,,,,,,,,,,,,,,,,,,,,,,,
6.75inch,MediaTek G88,Android 13Android 13,128GB,4GB,50MP - 16MP -8MP,8MP,5000 mAh,"Tím, Đen",1600x720 pixel,18W,INOI,New,INOI A54 4GB 128GB Chính Hãng,,2 Sim,,,,,,,,,,,,,,,,,,,,,,,,,
6.67 inches,MediaTek Helio G96 8 nhân,Android 11,128GB,8 GB,"Camera góc rộng: 108 MP, f/1.9, PDAF Camera góc siêu rộng: 8 MP Camera Tele: 2 MP, f/2.4",16 MP,5000 mAh,"Black,Blue,White",,,,new,Xiaomi Redmi Note 11 Pro (4G) 8GB 128GB Chính hãng,,"2 Nano SIM (SIM 2 chung khe thẻ nhớ), Hỗ trợ 4G",,,,,XIAOMI,,,,,,,,,,,,,,,,,,,,
6.8 inches,Snapdragon 8 Gen 3 (4 nm),"Android 14, Redmagic OS 9",256GB,16GB,50MP - 50MP - 2MP,16MP,5500 mAh,"Black, Silver, Transparent",1116 x 2480 pixels,165W,ZTE Nubia,New,ZTE Nubia Red Magic 9 Pro Plus 16GB 256GB Box,,,,,,,,,,,,,,,,,,,,,,,,,,,
6.6 inches,Snapdragon 680 (SM6225),Android 11,128GB,4GB,50MP + 5MP + 2MP + 2MP,8MP,5.000 mAh,"Black,Blue,Orange",,,,,Samsung Galaxy A23 (4G) 4GB 128GB Chính hãng,,,,Samsung,,New,,,,,,,,,,,,,,,,,,,,,
6.67 inches,Mediatek Dimensity 9200+ (4 nm),"Android 13, MIUI 14",1TB,16GB,50Mp + 8MP + 2MP,20 MP,5000 mAh,"White,Green,Black",1220 x 2712 pixels,Sạc nhanh 120W,Xiaomi,New,Xiaomi Redmi K60 Ultra (5G) 16GB 1TB Box,,,,,,,,,,,,,,,,,,,,,,,,,,,
"AMOLED, 6.7 inches, 120Hz",Octa-core (2x2.6 GHz Cortex-A78 & 6x2.0 GHz Cortex-A55),"Android 14, ColorOS 14",256GB,8GB,64 MP - 8MP - 2MP,32 MP,5000mAh,"Purple, Blue, Green",1080 x 2412 pixels,67W,oppo,New,Oppo Reno 11 F (5G) 8GB 256GB Chính Hãng,,2 Sim,,,,,,,,,,,177 g,,,,,,Mali-G68 MC4,,,Mediatek Dimensity 7050 (6 nm),,,,,
6.74 inches,Mediatek MT6769Z Helio G85 (12nm),"Android 13, MIUI 14",128GB,4GB,50MP - 2MP - 0.08MP,13MP,5000mAh,"Black, Blue, Green",720 x 1600 pixels,18W,Xiaomi,New,Xiaomi Redmi 13C 4GB 128GB Chính Hãng,,,,,,,,,,,,,,,,,,,,,,,,,,,
6.5 inches,Mediatek MT8781 Helio G99 (6nm),"Android 13, One UI 5.1",128GB,6GB,50MP - 5MP - 2MP,13 MP,5000mAh,"Black,Green",1080 x 2340 pixels,Sạc nhanh 25W,Samsung,new,Samsung Galaxy A24 (4G) 6GB 128GB Chính Hãng,,,,,,,,,,,,,,,,,,,,,,,,,,,
6.8 inches,Qualcomm SM8550 Snapdragon 8 Gen 2 (4 nm),,256 GB,8Gb,200MP - 10MP - 10MP,12MP,5000 mAh,"Green,Lavender,Cream,Aura Black,Sky Blue,Red",1440 x 3088 pixels (QHD+),Sạc nhanh 25W,,new,Samsung Galaxy S23 Ultra (5G) 8GB 256GB Chính Hãng,,,,Samsung,,,,,,,,,,,,,,,,,,,,,,,
,,,,,,,,,,,,,Realme V30 6GB 128GB Box,,,,,,,,,,,,,,,,,,,,,,,,,,,
6.52 inches,MediaTek MT6762D Helio A25 (12 nm),Android 10,64GB,4 GB,13MP,8MP,Li-Ion 5000mAh,"Green,Blue,Orange",720 x 1600 pixels,,,,TECNO Spark 6 GO 4GB 64GB Chính hãng,,2 nano SIM,,,,,,Hỗ trợ thẻ nhớ microSDXC,,,,,,,,,,,,,,,,,,,
,,,,,,,,,,,,,iPhone 15 Pro 512GB VN/A - Tặng BH rơi vỡ vào nước,,,,,,,,,,,,,,,,,,,,,,,,,,,
"AMOLED, 6.7 inches, 120Hz, HDR10+",Mediatek Dimensity 7300 Energy (4 nm),"Android 14, ColorOS 14.1",256GB,12GB,50 MP - 8 MP - 2 MP,32 MP,5000 mAh,"Brown, Silver, Pink",1080 x 2412 pixels,80W,oppo,New,Oppo Reno 12 (5G) Chính Hãng,,,,,,,,,,,,,,,,,,,,,,,,,,,
6.78 inchs,MediaTek Helio G99 (6nm),"Android 13, HIOS 13",256 GB,8Gb,50MP,8MP,6000 mAh,"Gold,Blue,Black",1080 x 2460 pixels,Sạc nhanh 45W,Tecno,new,TECNO Pova 5 (8+8GB/256GB) - Chính Hãng,,,,,,,,,,,,,,,,,,,,,,,,,,,
6.43 inch,MediaTek Helio G99 (6nm),"Android 13, ColorOS 13",256 GB,8Gb,100MP - 2MP - 2MP,32 MP,5000 mAh,"Orange,Black",1080 x 2400 pixels,33w,Oppo,new,Oppo Reno 8T (4G) 8GB 256GB Chính Hãng,,,,,,,,,,,,,,,,,,,,,,,,,,,
6.67 inches,MediaTek MT6769Z Helio G85 (12nm),"Android 13, HIOS 13",256 GB,8Gb,64MP - 2MP,32 MP,5000 mAh,"White,Blue,Black",1080 x 2400 pixels,33w,Tecno,new,TECNO Camon 20 (8+8GB/256GB) - Chính Hãng,,,,,,,,,,,,,,,,,,,,,,,,,,,
6.6 inches,Qualcomm SM7225 Snapdragon 750 5G (8 nm),Android 10,128 GB,4 GB,"Chính 48 MP & Phụ 12 MP, 5 MP, 5 MP",20MP,5000 mAh,"White,Gray,Black",720 x 1600 pixels,,,used,Samsung Galaxy A42 5G Hàn Cũ 99%,,,,,,,,,,,,,,,,,,,,,,,,,,,
,Unisoc T107,Nokia S30+,128 MB,48 MB,,,1020 mAh,"Black,Blue,Red",,,,,Nokia 105 DS 4G – Sản phẩm chính hãng,,"2, Nano SIM",,,,NEW,NOKIA,,,,,,,,,,"1.8"", QQVGA, QVGA",,,,,,,,,,
6.6 inches,Unisoc SC9863A,Android,128GB,4GB,13MP - 2MP,5MP,5000mAh,"Gray, Blue, Purple",720x1612 Pixels,,ZTE,New,ZTE Blade A54 4GB 128GB Chính Hãng,,,,,,,,,,,,,,,,,,,,,,,,,,,
,,,,,,,,,,,,,Samsung Galaxy A04s (4G) 4GB 64GB chính hãng (Demo),,,,,,,,,,,,,,,,,,,,,,,,,,,
6.67 inches,MediaTek Dimensity 8100 (5 nm),"Androi 12, MIUI 13",256 GB,8Gb,48MP + 8MP + 2MP,20 MP,Li-Ion 5500mAh,"Green,Gray,Blue,Black",1440 x 3200 pixels,67W,,new,Xiaomi Redmi K50 (5G) 8GB 256GB Box,,,,Xiaomi,,,,,,,,,,,,,,,,,,,,,,,
6.8 inches,Chipset Qualcomm SM8550-AB,"Android 13, Redmagic OS 6",256GB,8GB,50MP - 8MP - 2MP,16MP,80W,Black,Gray,80W,Nubia,New,Nubia Red Magic 8 Pro 8GB 256GB Box,,,,,,,,Li-Po 6000 mAh,,,,,,,,,,,,,,,,,,,
AMOLED 6.43 inches,Snapdragon 680 4G (6nm),"Android 13, ColorOS 13.1",256GB,8GB,50 MP - 2 MP,8 MP,Li-Po 5000 mAh,"Black, Blue",1080 x 2400 pixel,67W,oppo,New,Oppo A78 (4G) 8GB 256GB Chính Hãng,,,,,,,,,,,,,,,,,,,,,,,,,,,
6.1 inch,Apple A15 Bionic,iOS 16,256 GB,6 GB,Camera góc rộng: 12MP Camera góc siêu rộng: 12MP,,"3,279mAh","Black,Purple,Starlight,Red,Blue,Yellow",,,Apple,new,iPhone 14 256GB chính hãng VNA - Tặng BH rơi vỡ vào nước,,,,,,,,,,,,,,,,,,,,,,,,,,,
6.67 inches,Qualcomm SM6375 Snapdragon 695 5G (6 nm),"Android 12, MIUI 13",128GB,6GB,48MP - 8MP - 2MP,13 MP,Li-Po 5000 mAh,"Green,Blue,Black",1080 x 2400 pixels,33w,,new,Xiaomi Poco X5 (5G) 6GB 128Gb Chính Hãng,,,,Xiaomi,,,,,,,,,,,,,,,,,,,,,,,
6.6 inches,Unisoc T606 Octa-Core 1.6GHz,Andoid,128GB,8GB,50MP - 2MP - 2MP,8MP,5000 mAh,"Black, Green, Violet",,22.5W,ZTE,New,ZTE Blade V50 Design 8GB 256GB Chính Hãng ,,,,,,,,,,,,,,,,,,,,,,,,,,,
6.6 inches,Snapdragon 8 Gen 1 8 nhân,"Android 12, One UI 4",128 GB,8Gb,50MP – 10MP – 12MP,10 MP,4500 mAh,"Green,Pink Gold,Black,White",1080 x 2340 pixels (Full HD+),Sạc nhanh 25W,,new,Samsung Galaxy S22 Plus (5G) 8GB 128GB Chính hãng,,2 nano SIM,,Samsung,New,,,,,,,,,,,,,,,,,,,,,,
,,,,,,,,,,,,,Xiaomi 13 Pro 8Gb 128GB Box (ĐKH),,,,,,,,,,,,,,,,,,,,,,,,,,,
6.67 inches,,"Android 13, MIUI 14",1 TB,16 GB,64MP – 8MP – 2MP,,5000 mAh,"White,Blue,Black",1080 x 2400 pixels,67W,Xiaomi,new,Xiaomi Redmi Note 12 Turbo 16GB 1TB Box,,,,,,,,,,,,,,,,,,,,,,,,,,,
6.67 inches,Dimensity 7200 Ultra (4 nm),"Android 13, MIUI 14",512GB,12GB,200MP - 8MP - 2MP,16MP,Li-Po 5000 mAh,"Black, White, Violet",1220 x 2712 pixels,120W,Xiaomi,New,Xiaomi Redmi Note 13 Pro Plus (5G) 12GB 512GB Box,,,,,,,,,,,,,,,,,,,,,,,,,,,
6.67 inches,,"Android 13, MIUI 14",256 GB,12 GB,64MP – 8MP – 2MP,,5000 mAh,"White,Blue,Black",1080 x 2400 pixels,67W,Xiaomi,new,Xiaomi Redmi Note 12 Turbo 12GB 256GB Box,,,,,,,,,,,,,,,,,,,,,,,,,,,
"6,1 inches",Apple A15 Bionic Chip,IOS 15,256 GB,4GB,Cảm biến LiDAR,12 MP,3240mAh,"Black,Blue,Pink,Red,Silver,Green",,,,new,iPhone 13 256GB Chính hãng VN/A  - Tặng BH rơi vỡ vào nước,,1 nano SIM + 1 eSIM,,Apple,,,,,,,,,,,,,,,,,,,,,,,
,,iOS 17,128GB,8 GB,"48MP, 24 mm, ƒ/1.78, Camera góc siêu rộng: 12 MP, 13 mm, ƒ/2.2 Camera Tele 3x: 12 MP, 77 mm, ƒ/2.8 Camera Tele 2x: 12 MP, 48 mm, ƒ/1.78",,,,,,,,iPhone 15 Pro 128GB VN/A - Tặng BH rơi vỡ vào nước,,,,,,,,,,,,,,,,,6.1 inches,,GPU 6 nhân mới,,Apple,A17 Pro,,,"146,6 x 70,6 x 8,25 mm / 187 g",2556 x 1179 pixels,
6.67 inches,Qualcomm Snapdragon 870,"Androi 12, MIUI 13",256 GB,8Gb,48MP + 8MP + 2MP,20 MP,4500 mAh,"Black,Green,Silver,Blue",1080 x 2400 pixels,67W,,new,Xiaomi Redmi K40s (5G) 8GB 256GB Box,,,,Xiaomi,,,,,,,,,,,,,,,,,,,,,,,
"6.75inches, 90Hz",Unisoc SC9863A1,Android U,64GB,4GB,13MP + Camera AI,8 MP,5000mAh,"Mint Green, Starry Black",HD+,10W,ZTE,New,ZTE Blade A55 Chính Hãng,,,,,,,,,,,,,,,,,,,,,,,,,,,
6.36 inch,Snapdragon 8 GEN 2,,256 GB,12 GB,50MP – 10MP – 12MP,32 MP,"Androi 13, MIUI 14","White,Blue,Black",1080 x 2400 pixels,67W,,,Xiaomi 13 (5G) 12GB 256GB Box,,,,,,,,,,,,,,,,,,,,,,,,,,,
6.1 inch,Snapdragon 8 Gen 1 8 nhân,"Android 12, One UI 4",128 GB,8Gb,50MP – 10MP – 12MP,10 MP,Li-Po 3700mAh,"Aura Black,Aura White,Mystic Green,Rose Gold",1080 x 2340 pixels (Full HD+),Sạc nhanh 45W,,,Samsung Galaxy S22 (5G) 8GB 128GB Chính hãng,,2 nano SIM,,Samsung,New,,,,,,,,,,,,,,,,,,,,,,
,,,,,,,,,,,,,iPhone 15 Pro 1TB Chính Hãng VN/A,,,,,,,,,,,,,,,,,,,,,,,,,,,
6.62 inch,Qualcomm SM8250-AC Snapdragon 870 5G (7 nm),"Androi 12, MIUI 13",256 GB,8Gb,64MP – 8MP – 2MP,16 MP,5000 mAh,"White,Black,Yellow",1080 x 2400 pixels,80W,,new,Realme Q5 Pro 8GB 256GB Box,,,,Realme,,,,,,,,,,,,,,,,,,,,,,,
6.7 inches,Dimensity 7050,"Android 13, ColorOS 13.1",128 GB,8Gb,64MP - 32MP - 8MP,32 MP,5000 mAh,"Gray,Blue",1080 x 2412 pixels,67W,Oppo,new,Oppo Reno 10 (5G) 8GB 128GB Chính Hãng,,,,,,,,,,,,,,,,,,,,,,,,,,,
6.6 inches,Exynos 850,Android 12,128 GB,4 GB,50MP + 5MP + 2MP + 2MP,8MP,Li-Po 5000 mAh,"Black,Blue,Orange,White",,,,,Samsung Galaxy A13 (4G) 4GB 128GB chính hãng,,Nano-SIM,,Samsung,,New,,,,,,,,,,,,,,,,,,,,,
6.67 inches,Mediatek Dimensity 9200+ (4 nm),"Android 13, MIUI 14",1TB,24GB,50Mp + 8MP + 2MP,20 MP,5000 mAh,"White,Green,Black",1220 x 2712 pixels,Sạc nhanh 120W,Xiaomi,New,Xiaomi Redmi K60 Ultra (5G) 24GB 1TB Box,,,,,,,,,,,,,,,,,,,,,,,,,,,
6.8 inches,Qualcomm Snapdragon 8+ Gen 2 (4 nm),"Android 13, Redmagic OS 8",256GB,12GB,50MP - 8MP - 2MP,16MP,5000mAh,"Black, Tranfer",1116 x 2480 pixels,156W,ZTE Nubia,New,Nubia Red Magic 8 Pro Plus 12GB 256GB Box (Snapdragon 8 Gen 2),,,,,,,,,,,,,,,,,,,,,,,,,,,
6.67 inches,Mediatek Dimensity 6080 (6 nm),"Android 13, MIUI 14",128GB,8GB,100MP – 2MP,16MP,5000mAh,"Black, Blue, WHite",1080 x 2400 pixels,33W,Xiaomi,New,Xiaomi Redmi Note 13 (5G) 8GB 128GB Box - BH 15 Tháng,,,,,,,,,,,,,,,,,,,,,,,,,,,
,,,,,,,,,,,,,iPhone 15 512GB Chính Hãng VN/A - Tặng BH rơi vỡ vào nước,,,,,,,,,,,,,,,,,,,,,,,,,,,
"PLS LCD 6.5 inches,",Mediatek MT6765 Helio P35 (12nm),"Android 12, One UI Core 4.1",32GB,3GB,13 MP - 2 MP,5 MP,Li-Po 5000 mAh,"Black, Copper, Light Blue",720 x 1600 pixels,,Samsung,New,Samsung Galaxy A04e 3GB 32GB Chính Hãng,,,,,,,,,,,,,,,,,,,,,,,,,,,
6.67 inches,Snapdragon 8 Gen 2 (4 nm),Android 13,128 GB,8 GB,"Camera góc rộng: 54MP, f/1.9, 1/1.49"", 1.0µm, PDAF, OIS Camera góc siêu rộng: 8MP, 118˚, 1/4"", 1.12µm Camera macro: 2 MP, f/2.4","Camera góc rộng: 16 MP, 1/3.06"", 1.0µm",5000 mAh,"Green,Black,Silver",,,,new,Xiaomi Redmi K60 Pro (5G) 8GB 128GB Box,Kính cường lực Corning Gorilla Glass VictusTần số quét 120HzDolby VisionHDR10+Độ sáng 1400 nits68 tỷ màu,2 SIM (Nano-SIM),,Xiaomi,,,,,,,,,,,OLED,,,,,,,,,,,,
6.67 inches,Dimensity 7200 Ultra (4 nm),"Android 13, MIUI 14",256GGB,12GB,200MP - 8MP - 2MP,16MP,5000 mAh,"Black, White, Violet",1220 x 2712 pixels,120W,Xiaomi,New,Xiaomi Redmi Note 13 Pro Plus (5G) 12GB 256GB Chính Hãng,,,,,,,,,,,,,,,,,,,,,,,,,,,
6.67 inches,MediaTek Dimensity 1080 (6 nm),"Androi 12, MIUI 13",128GB,6GB,50Mp + 8MP + 2MP,16 MP,5000 mAh,"Blue,Purple,White,Black",1080 x 2400 pixels,67W,,new,Xiaomi Redmi Note 12 Pro (5G) 6GB 128GB Box,,,,Xiaomi,,,,,Chân sạc Type C,,,,,,,,,,,,,,,,,,GSM / CDMA / HSPA / EVDO / LTE / 5G
,,,,,,,,,,,,,Samsung Galaxy A04 (4G) 3GB 32GB Chính hãng (Demo),,,,,,,,,,,,,,,,,,,,,,,,,,,
7.6 inches,Snapdragon 8 Gen 2 for Galaxy,"Android 13, One UI 5.1",256 GB,12 GB,50MP - 12MP - 12MP,10MP (bên ngoài) + 4MP (dưới màn hình),4400mAh,"Blue,Black,Cream",1812 x 2176 pixels,Sạc nhanh 25W,Samsung,new,Samsung Galaxy Z Fold5 12GB 256GB Chính Hãng,,,,,,,,,,,,,,,,,,,,,,,,6.2inchs,,,
6.6 inches,Unisoc SC9863A,Andoid,64GB,2GB,5MP - 2MP,5MP,5000mAh,"Gray, Green",720x1612 Pixels,,ZTE,New,ZTE Blade A34 2GB 64GB Chính Hãng,,,,,,,,,,,,,,,,,,,,,,,,,,,
"Màn ngoài: 6,3 inch - Màn trong: 7,6 inch",Snapdragon 8 Gen 3 (4 nm),"Android 14, One UI 6.1",512GB,12GB,50MP - 10MP - 12MP,10MP,4400 mAh,"Navy, Silver Shadow, Pink",1856 x 2160 pixels,45W,Samsung,New,Samsung Galaxy Z Fold6 (5G) 12GB 512GB Chính Hãng,,,,,,,,,,,,,,,,,,,,,,,,,,,
,,,,,,,,,,,,,Xiaomi Redmi Note 11T Pro (5G) 12GB 256GB Box,,,,,,,,,,,,,,,,,,,,,,,,,,,
2 inches,,,,,"0,3MP",,1000mAh,Silver,,,INOI,New,INOI 288S (4G) Chính Hãng,,2 Nano sim,,,,,,,,,,,,,,,,,,,,,,,,,
6.8 inches,Mediatek Helio G88 (12nm),"Android 13, HIOS 12.6",256GB,8GB,50MP - 0.8MP,32 MP,Li-Po 5000 mAh,"White, Black",1080 x 2460 pixels,18W,Tecno,New,TECNO Spark 10 Pro (8+8GB/256GB) - Chính Hãng,,,,,,,,,,,,,,,,,,,,,,,,,,,
6.6 inches,Mediatek,Android 13,128GB,4GB,50MP - 0.08MP,8MP,5000 mAh,"Black, Skin, Yellow",720 x 1612 pixels,18W,Tecno,New,TECNO Spark 20C (4+4GB/128GB) - Chính Hãng,,,,,,,,,,,,,,,,,,,,,,,,,,,
6.67 inches,,"Android 13, MIUI 14",256 GB,16 GB,64MP – 8MP – 2MP,,5000 mAh,"White,Blue,Black",1080 x 2400 pixels,67W,Xiaomi,new,Xiaomi Redmi Note 12 Turbo 16GB 256GB Box,,,,,,,,,,,,,,,,,,,,,,,,,,,
6.8 inches,Snapdragon 8 Gen 3 (4 nm),"Android 14, One UI 6.1",256GB,12GB,200MP - 50MP - 10MP - 12MP,12MP,5000mAh,"Black, Purple, Gray, Yellow",1440 x 3088 pixels,45W,Samsung,New,Samsung Galaxy S24 Ultra (5G) 12GB 256GB Chính Hãng,,,,,,,,,,,,,,,,,,,,,,,,,,,
6.36 inches,Qualcomm Snapdragon 8 Gen 3 (4 nm),Android 14,256GB,12GB,50MP - 50MP - 50MP,50MP,4610 mAh,"Black, White, Green",,,Xiaomi,New,Xiaomi 14 (5G) 12GB 256GB Chính Hãng,,,,,,,,,,,,,,,,,,,,,,,,,,,
6.5 inches,Mediatek Helio G99,Android 14,128GB,8GB,50MP - 5MP - 2MP,13MP,5000 mAh,"Black, Blue, Yellow",1080 x 2408 pixels,25W,Samsung,New,Samsung Galaxy A15 (4G)  8GB 128GB Chính Hãng ,,,,,,,,,,,,,,,,,,,,,,,,,,,
11.0 inches,Snapdragon 680 4G (6 nm),"Android 13, MIUI Pad 14",128GB,8GB,8MP,5MP,Li-Po 8000 mAh,"Purplr, Gray, Mint",1200 x 1920 pixels,18W,Xiaomi,New,Xiaomi Redmi Pad SE 8GB 128GB Box,,,,,,,,,,,,,,,,,,,,,,,,,,,
6.43 inches,"Qualcomm Snapdragon 662, tối đa 2.0GHz","Android 11, ColorOS 11.1",128GB,8 GB,"Camera chính: 48 MP, f/1.7 Camera cận cảnh: 2 MP, f/2.4 Camera đơn sắc: 2 MP, f/2.4","16 MP, f/2.4",Li-Po 5000 mAh,"Black,Blue",,,,new,Oppo A74 8GB 128GB Chính hãng,,2 SIM (Nano-SIM),,Oppo,,NEW,OPPO,,,,,,,,AMOLED,,,,,,,,,,,,
